ID,Restaurant,City,Area,Cuisine,Rating,Cost,Veg,Delivery,Address,Phone,Timings,Menu,Description,Popular_Dishes,Popularity,Image
1,Olive Table,Chandigarh,Sector 7,North Indian,4.3,1950,Yes,Yes,"SCO 164, Sector 7, Chandigarh, Punjab",+91 9888750448,9 AM - 11 PM,"Curries, kebabs, biryani, breads","A well-loved north indian destination in Sector 7, known for relaxed service, fresh flavours, and an inviting setting.",Butter Chicken; Dal Makhani; Tandoori Platter,91,https://images.unsplash.com/photo-1517248135467-4c7edcad34c4?auto=format&fit=crop&w=900&q=80
2,Copper Table,Mohali,Phase 5,Cafe,4.4,1600,Yes,Yes,"SCO 68, Phase 5, Mohali, Punjab",+91 9812966326,12 PM - 12 AM,"Coffee, breakfast bowls, sandwiches, desserts","A well-loved cafe destination in Phase 5, known for relaxed service, fresh flavours, and an inviting setting.",Cold Brew; Avocado Toast; Pancake Stack,86,https://images.unsplash.com/photo-1555396273-367ea4eb4db5?auto=format&fit=crop&w=900&q=80
3,Saffron Table,Panchkula,Sector 11,Italian,4.3,400,No,Yes,"SCO 267, Sector 11, Panchkula, Punjab",+91 9884230530,8 AM - 10:30 PM,"Pizza, pasta, risotto, desserts","A well-loved italian destination in Sector 11, known for relaxed service, fresh flavours, and an inviting setting.",Truffle Pasta; Burrata Pizza; Tiramisu,71,https://images.unsplash.com/photo-1414235077428-338989a2e8c0?auto=format&fit=crop&w=900&q=80
4,Willow Table,Chandigarh,Sector 22,Chinese,4.4,1150,No,Yes,"SCO 58, Sector 22, Chandigarh, Punjab",+91 9872310747,12 PM - 12 AM,"Noodles, dimsum, stir-fry, soups","A well-loved chinese destination in Sector 22, known for relaxed service, fresh flavours, and an inviting setting.",Chilli Paneer; Dimsum; Hakka Noodles,78,https://images.unsplash.com/photo-1514933651103-005eec06c04b?auto=format&fit=crop&w=900&q=80
5,Urban Table,Mohali,Sector 70,South Indian,4.1,750,Yes,Yes,"SCO 150, Sector 70, Mohali, Punjab",+91 9846823223,9 AM - 11 PM,"Dosa, idli, vada, coffee","A well-loved south indian destination in Sector 70, known for relaxed service, fresh flavours, and an inviting setting.",Masala Dosa; Mini Idli; Filter Coffee,75,https://images.unsplash.com/photo-1445116572660-236099ec97a0?auto=format&fit=crop&w=900&q=80
6,Cedar Table,Panchkula,MDC Sector 4,Punjabi,4.0,1950,Yes,Yes,"SCO 55, MDC Sector 4, Panchkula, Punjab",+91 9821104871,9 AM - 11 PM,"Thalis, curries, breads, desserts","A well-loved punjabi destination in MDC Sector 4, known for relaxed service, fresh flavours, and an inviting setting.",Amritsari Kulcha; Chole; Lassi,72,https://images.unsplash.com/photo-1565557623262-b51c2513a641?auto=format&fit=crop&w=900&q=80
7,Mango Table,Chandigarh,Sector 43,Continental,4.3,800,Yes,Yes,"SCO 261, Sector 43, Chandigarh, Punjab",+91 9885234765,11 AM - 11:30 PM,"Salads, grills, pasta, desserts","A well-loved continental destination in Sector 43, known for relaxed service, fresh flavours, and an inviting setting.",Grilled Chicken; Caesar Salad; Chocolate Fondant,82,https://images.unsplash.com/photo-1515003197210-e0cd71810b5f?auto=format&fit=crop&w=900&q=80
8,Mint Table,Mohali,Phase 3B2,Asian,3.9,950,No,Yes,"SCO 231, Phase 3B2, Mohali, Punjab",+91 9862710008,9 AM - 11 PM,"Sushi, Thai curry, ramen, bowls","A well-loved asian destination in Phase 3B2, known for relaxed service, fresh flavours, and an inviting setting.",Sushi Roll; Thai Curry; Ramen,65,https://images.unsplash.com/photo-1513104890138-7c749659a591?auto=format&fit=crop&w=900&q=80
9,Blue Table,Panchkula,Sector 11,Bakery,4.3,1500,Yes,Yes,"SCO 262, Sector 11, Panchkula, Punjab",+91 9822448346,11 AM - 11:30 PM,"Cakes, pastries, breads, coffee","A well-loved bakery destination in Sector 11, known for relaxed service, fresh flavours, and an inviting setting.",Sourdough; Red Velvet Cake; Croissant,75,https://images.unsplash.com/photo-1517248135467-4c7edcad34c4?auto=format&fit=crop&w=900&q=80
10,Curry Table,Chandigarh,Sector 17,Fast Food,4.8,2100,No,No,"SCO 223, Sector 17, Chandigarh, Punjab",+91 9844751612,8 AM - 10:30 PM,"Burgers, wraps, fries, shakes","A well-loved fast food destination in Sector 17, known for relaxed service, fresh flavours, and an inviting setting.",Loaded Burger; Peri Peri Fries; Wrap,65,https://images.unsplash.com/photo-1555396273-367ea4eb4db5?auto=format&fit=crop&w=900&q=80
11,Basil Table,Mohali,Phase 10,North Indian,3.9,650,No,Yes,"SCO 145, Phase 10, Mohali, Punjab",+91 9881812827,8 AM - 10:30 PM,"Curries, kebabs, biryani, breads","A well-loved north indian destination in Phase 10, known for relaxed service, fresh flavours, and an inviting setting.",Butter Chicken; Dal Makhani; Tandoori Platter,95,https://images.unsplash.com/photo-1414235077428-338989a2e8c0?auto=format&fit=crop&w=900&q=80
12,Roast Table,Panchkula,MDC Sector 4,Cafe,4.5,600,Yes,Yes,"SCO 128, MDC Sector 4, Panchkula, Punjab",+91 9824685622,9 AM - 11 PM,"Coffee, breakfast bowls, sandwiches, desserts","A well-loved cafe destination in MDC Sector 4, known for relaxed service, fresh flavours, and an inviting setting.",Cold Brew; Avocado Toast; Pancake Stack,78,https://images.unsplash.com/photo-1514933651103-005eec06c04b?auto=format&fit=crop&w=900&q=80
13,Amber Table,Chandigarh,Sector 35,Italian,4.3,750,Yes,Yes,"SCO 314, Sector 35, Chandigarh, Punjab",+91 9893073283,8 AM - 10:30 PM,"Pizza, pasta, risotto, desserts","A well-loved italian destination in Sector 35, known for relaxed service, fresh flavours, and an inviting setting.",Truffle Pasta; Burrata Pizza; Tiramisu,97,https://images.unsplash.com/photo-1445116572660-236099ec97a0?auto=format&fit=crop&w=900&q=80
14,Maple Table,Mohali,Airport Road,Chinese,3.8,800,No,No,"SCO 80, Airport Road, Mohali, Punjab",+91 9880943957,11 AM - 11:30 PM,"Noodles, dimsum, stir-fry, soups","A well-loved chinese destination in Airport Road, known for relaxed service, fresh flavours, and an inviting setting.",Chilli Paneer; Dimsum; Hakka Noodles,84,https://images.unsplash.com/photo-1565557623262-b51c2513a641?auto=format&fit=crop&w=900&q=80
15,Pine Table,Panchkula,Sector 11,South Indian,4.7,750,Yes,No,"SCO 48, Sector 11, Panchkula, Punjab",+91 9824748765,8 AM - 10:30 PM,"Dosa, idli, vada, coffee","A well-loved south indian destination in Sector 11, known for relaxed service, fresh flavours, and an inviting setting.",Masala Dosa; Mini Idli; Filter Coffee,76,https://images.unsplash.com/photo-1515003197210-e0cd71810b5f?auto=format&fit=crop&w=900&q=80
16,Olive Kitchen,Chandigarh,Sector 9,Punjabi,4.2,2150,Yes,Yes,"SCO 255, Sector 9, Chandigarh, Punjab",+91 9856496739,11 AM - 11:30 PM,"Thalis, curries, breads, desserts","A well-loved punjabi destination in Sector 9, known for relaxed service, fresh flavours, and an inviting setting.",Amritsari Kulcha; Chole; Lassi,88,https://images.unsplash.com/photo-1513104890138-7c749659a591?auto=format&fit=crop&w=900&q=80
17,Copper Kitchen,Mohali,Phase 7,Continental,4.2,1850,No,No,"SCO 165, Phase 7, Mohali, Punjab",+91 9858852010,9 AM - 11 PM,"Salads, grills, pasta, desserts","A well-loved continental destination in Phase 7, known for relaxed service, fresh flavours, and an inviting setting.",Grilled Chicken; Caesar Salad; Chocolate Fondant,77,https://images.unsplash.com/photo-1517248135467-4c7edcad34c4?auto=format&fit=crop&w=900&q=80
18,Saffron Kitchen,Panchkula,MDC Sector 4,Asian,3.9,550,Yes,Yes,"SCO 287, MDC Sector 4, Panchkula, Punjab",+91 9894865033,12 PM - 12 AM,"Sushi, Thai curry, ramen, bowls","A well-loved asian destination in MDC Sector 4, known for relaxed service, fresh flavours, and an inviting setting.",Sushi Roll; Thai Curry; Ramen,93,https://images.unsplash.com/photo-1555396273-367ea4eb4db5?auto=format&fit=crop&w=900&q=80
19,Willow Kitchen,Chandigarh,Sector 26,Bakery,4.5,600,Yes,Yes,"SCO 281, Sector 26, Chandigarh, Punjab",+91 9861842714,8 AM - 10:30 PM,"Cakes, pastries, breads, coffee","A well-loved bakery destination in Sector 26, known for relaxed service, fresh flavours, and an inviting setting.",Sourdough; Red Velvet Cake; Croissant,89,https://images.unsplash.com/photo-1414235077428-338989a2e8c0?auto=format&fit=crop&w=900&q=80
20,Urban Kitchen,Mohali,Sector 79,Fast Food,3.9,350,Yes,Yes,"SCO 333, Sector 79, Mohali, Punjab",+91 9826281260,9 AM - 11 PM,"Burgers, wraps, fries, shakes","A well-loved fast food destination in Sector 79, known for relaxed service, fresh flavours, and an inviting setting.",Loaded Burger; Peri Peri Fries; Wrap,83,https://images.unsplash.com/photo-1514933651103-005eec06c04b?auto=format&fit=crop&w=900&q=80
21,Cedar Kitchen,Panchkula,Sector 11,North Indian,4.3,1200,Yes,Yes,"SCO 179, Sector 11, Panchkula, Punjab",+91 9823418328,9 AM - 11 PM,"Curries, kebabs, biryani, breads","A well-loved north indian destination in Sector 11, known for relaxed service, fresh flavours, and an inviting setting.",Butter Chicken; Dal Makhani; Tandoori Platter,92,https://images.unsplash.com/photo-1445116572660-236099ec97a0?auto=format&fit=crop&w=900&q=80
22,Mango Kitchen,Chandigarh,Sector 7,Cafe,4.2,1750,Yes,No,"SCO 335, Sector 7, Chandigarh, Punjab",+91 9858253415,9 AM - 11 PM,"Coffee, breakfast bowls, sandwiches, desserts","A well-loved cafe destination in Sector 7, known for relaxed service, fresh flavours, and an inviting setting.",Cold Brew; Avocado Toast; Pancake Stack,60,https://images.unsplash.com/photo-1565557623262-b51c2513a641?auto=format&fit=crop&w=900&q=80
23,Mint Kitchen,Mohali,Phase 5,Italian,4.6,2000,Yes,Yes,"SCO 338, Phase 5, Mohali, Punjab",+91 9897104573,8 AM - 10:30 PM,"Pizza, pasta, risotto, desserts","A well-loved italian destination in Phase 5, known for relaxed service, fresh flavours, and an inviting setting.",Truffle Pasta; Burrata Pizza; Tiramisu,97,https://images.unsplash.com/photo-1515003197210-e0cd71810b5f?auto=format&fit=crop&w=900&q=80
24,Blue Kitchen,Panchkula,MDC Sector 4,Chinese,4.2,2200,No,Yes,"SCO 318, MDC Sector 4, Panchkula, Punjab",+91 9813646422,9 AM - 11 PM,"Noodles, dimsum, stir-fry, soups","A well-loved chinese destination in MDC Sector 4, known for relaxed service, fresh flavours, and an inviting setting.",Chilli Paneer; Dimsum; Hakka Noodles,83,https://images.unsplash.com/photo-1513104890138-7c749659a591?auto=format&fit=crop&w=900&q=80
25,Curry Kitchen,Chandigarh,Sector 22,South Indian,3.9,2250,Yes,Yes,"SCO 60, Sector 22, Chandigarh, Punjab",+91 9875677867,9 AM - 11 PM,"Dosa, idli, vada, coffee","A well-loved south indian destination in Sector 22, known for relaxed service, fresh flavours, and an inviting setting.",Masala Dosa; Mini Idli; Filter Coffee,91,https://images.unsplash.com/photo-1517248135467-4c7edcad34c4?auto=format&fit=crop&w=900&q=80
26,Basil Kitchen,Mohali,Sector 70,Punjabi,4.2,2400,Yes,Yes,"SCO 123, Sector 70, Mohali, Punjab",+91 9896104934,11 AM - 11:30 PM,"Thalis, curries, breads, desserts","A well-loved punjabi destination in Sector 70, known for relaxed service, fresh flavours, and an inviting setting.",Amritsari Kulcha; Chole; Lassi,81,https://images.unsplash.com/photo-1555396273-367ea4eb4db5?auto=format&fit=crop&w=900&q=80
27,Roast Kitchen,Panchkula,Sector 11,Continental,4.7,1150,Yes,Yes,"SCO 28, Sector 11, Panchkula, Punjab",+91 9877296023,8 AM - 10:30 PM,"Salads, grills, pasta, desserts","A well-loved continental destination in Sector 11, known for relaxed service, fresh flavours, and an inviting setting.",Grilled Chicken; Caesar Salad; Chocolate Fondant,74,https://images.unsplash.com/photo-1414235077428-338989a2e8c0?auto=format&fit=crop&w=900&q=80
28,Amber Kitchen,Chandigarh,Sector 43,Asian,4.6,1600,No,No,"SCO 89, Sector 43, Chandigarh, Punjab",+91 9876725899,8 AM - 10:30 PM,"Sushi, Thai curry, ramen, bowls","A well-loved asian destination in Sector 43, known for relaxed service, fresh flavours, and an inviting setting.",Sushi Roll; Thai Curry; Ramen,77,https://images.unsplash.com/photo-1514933651103-005eec06c04b?auto=format&fit=crop&w=900&q=80
29,Maple Kitchen,Mohali,Phase 3B2,Bakery,4.6,950,Yes,Yes,"SCO 69, Phase 3B2, Mohali, Punjab",+91 9842785254,11 AM - 11:30 PM,"Cakes, pastries, breads, coffee","A well-loved bakery destination in Phase 3B2, known for relaxed service, fresh flavours, and an inviting setting.",Sourdough; Red Velvet Cake; Croissant,73,https://images.unsplash.com/photo-1445116572660-236099ec97a0?auto=format&fit=crop&w=900&q=80
30,Pine Kitchen,Panchkula,MDC Sector 4,Fast Food,4.1,1350,Yes,Yes,"SCO 162, MDC Sector 4, Panchkula, Punjab",+91 9868134721,11 AM - 11:30 PM,"Burgers, wraps, fries, shakes","A well-loved fast food destination in MDC Sector 4, known for relaxed service, fresh flavours, and an inviting setting.",Loaded Burger; Peri Peri Fries; Wrap,73,https://images.unsplash.com/photo-1565557623262-b51c2513a641?auto=format&fit=crop&w=900&q=80
31,Olive Cafe,Chandigarh,Sector 17,North Indian,4.6,1950,No,Yes,"SCO 231, Sector 17, Chandigarh, Punjab",+91 9883449871,11 AM - 11:30 PM,"Curries, kebabs, biryani, breads","A well-loved north indian destination in Sector 17, known for relaxed service, fresh flavours, and an inviting setting.",Butter Chicken; Dal Makhani; Tandoori Platter,85,https://images.unsplash.com/photo-1515003197210-e0cd71810b5f?auto=format&fit=crop&w=900&q=80
32,Copper Cafe,Mohali,Phase 10,Cafe,4.1,1350,Yes,No,"SCO 96, Phase 10, Mohali, Punjab",+91 9841712394,12 PM - 12 AM,"Coffee, breakfast bowls, sandwiches, desserts","A well-loved cafe destination in Phase 10, known for relaxed service, fresh flavours, and an inviting setting.",Cold Brew; Avocado Toast; Pancake Stack,97,https://images.unsplash.com/photo-1513104890138-7c749659a591?auto=format&fit=crop&w=900&q=80
33,Saffron Cafe,Panchkula,Sector 11,Italian,4.3,1600,Yes,Yes,"SCO 233, Sector 11, Panchkula, Punjab",+91 9872062204,11 AM - 11:30 PM,"Pizza, pasta, risotto, desserts","A well-loved italian destination in Sector 11, known for relaxed service, fresh flavours, and an inviting setting.",Truffle Pasta; Burrata Pizza; Tiramisu,62,https://images.unsplash.com/photo-1517248135467-4c7edcad34c4?auto=format&fit=crop&w=900&q=80
34,Willow Cafe,Chandigarh,Sector 35,Chinese,4.9,1050,Yes,No,"SCO 60, Sector 35, Chandigarh, Punjab",+91 9817292849,12 PM - 12 AM,"Noodles, dimsum, stir-fry, soups","A well-loved chinese destination in Sector 35, known for relaxed service, fresh flavours, and an inviting setting.",Chilli Paneer; Dimsum; Hakka Noodles,70,https://images.unsplash.com/photo-1555396273-367ea4eb4db5?auto=format&fit=crop&w=900&q=80
35,Urban Cafe,Mohali,Airport Road,South Indian,4.1,1150,Yes,Yes,"SCO 303, Airport Road, Mohali, Punjab",+91 9855695340,12 PM - 12 AM,"Dosa, idli, vada, coffee","A well-loved south indian destination in Airport Road, known for relaxed service, fresh flavours, and an inviting setting.",Masala Dosa; Mini Idli; Filter Coffee,83,https://images.unsplash.com/photo-1414235077428-338989a2e8c0?auto=format&fit=crop&w=900&q=80
36,Cedar Cafe,Panchkula,MDC Sector 4,Punjabi,4.3,550,Yes,No,"SCO 179, MDC Sector 4, Panchkula, Punjab",+91 9892326386,12 PM - 12 AM,"Thalis, curries, breads, desserts","A well-loved punjabi destination in MDC Sector 4, known for relaxed service, fresh flavours, and an inviting setting.",Amritsari Kulcha; Chole; Lassi,98,https://images.unsplash.com/photo-1514933651103-005eec06c04b?auto=format&fit=crop&w=900&q=80
37,Mango Cafe,Chandigarh,Sector 9,Continental,4.4,350,Yes,Yes,"SCO 159, Sector 9, Chandigarh, Punjab",+91 9881679210,11 AM - 11:30 PM,"Salads, grills, pasta, desserts","A well-loved continental destination in Sector 9, known for relaxed service, fresh flavours, and an inviting setting.",Grilled Chicken; Caesar Salad; Chocolate Fondant,62,https://images.unsplash.com/photo-1445116572660-236099ec97a0?auto=format&fit=crop&w=900&q=80
38,Mint Cafe,Mohali,Phase 7,Asian,4.9,1550,No,No,"SCO 327, Phase 7, Mohali, Punjab",+91 9886913034,12 PM - 12 AM,"Sushi, Thai curry, ramen, bowls","A well-loved asian destination in Phase 7, known for relaxed service, fresh flavours, and an inviting setting.",Sushi Roll; Thai Curry; Ramen,92,https://images.unsplash.com/photo-1565557623262-b51c2513a641?auto=format&fit=crop&w=900&q=80
39,Blue Cafe,Panchkula,Sector 11,Bakery,4.2,2000,Yes,Yes,"SCO 33, Sector 11, Panchkula, Punjab",+91 9830136531,12 PM - 12 AM,"Cakes, pastries, breads, coffee","A well-loved bakery destination in Sector 11, known for relaxed service, fresh flavours, and an inviting setting.",Sourdough; Red Velvet Cake; Croissant,94,https://images.unsplash.com/photo-1515003197210-e0cd71810b5f?auto=format&fit=crop&w=900&q=80
40,Curry Cafe,Chandigarh,Sector 26,Fast Food,4.1,1500,No,Yes,"SCO 84, Sector 26, Chandigarh, Punjab",+91 9812658196,9 AM - 11 PM,"Burgers, wraps, fries, shakes","A well-loved fast food destination in Sector 26, known for relaxed service, fresh flavours, and an inviting setting.",Loaded Burger; Peri Peri Fries; Wrap,80,https://images.unsplash.com/photo-1513104890138-7c749659a591?auto=format&fit=crop&w=900&q=80
41,Basil Cafe,Mohali,Sector 79,North Indian,4.4,2300,Yes,No,"SCO 144, Sector 79, Mohali, Punjab",+91 9880237532,12 PM - 12 AM,"Curries, kebabs, biryani, breads","A well-loved north indian destination in Sector 79, known for relaxed service, fresh flavours, and an inviting setting.",Butter Chicken; Dal Makhani; Tandoori Platter,99,https://images.unsplash.com/photo-1517248135467-4c7edcad34c4?auto=format&fit=crop&w=900&q=80
42,Roast Cafe,Panchkula,MDC Sector 4,Cafe,4.1,1550,Yes,Yes,"SCO 61, MDC Sector 4, Panchkula, Punjab",+91 9881726627,9 AM - 11 PM,"Coffee, breakfast bowls, sandwiches, desserts","A well-loved cafe destination in MDC Sector 4, known for relaxed service, fresh flavours, and an inviting setting.",Cold Brew; Avocado Toast; Pancake Stack,95,https://images.unsplash.com/photo-1555396273-367ea4eb4db5?auto=format&fit=crop&w=900&q=80
43,Amber Cafe,Chandigarh,Sector 7,Italian,4.6,950,No,No,"SCO 337, Sector 7, Chandigarh, Punjab",+91 9825148005,11 AM - 11:30 PM,"Pizza, pasta, risotto, desserts","A well-loved italian destination in Sector 7, known for relaxed service, fresh flavours, and an inviting setting.",Truffle Pasta; Burrata Pizza; Tiramisu,84,https://images.unsplash.com/photo-1414235077428-338989a2e8c0?auto=format&fit=crop&w=900&q=80
44,Maple Cafe,Mohali,Phase 5,Chinese,4.8,1050,No,Yes,"SCO 123, Phase 5, Mohali, Punjab",+91 9859961936,12 PM - 12 AM,"Noodles, dimsum, stir-fry, soups","A well-loved chinese destination in Phase 5, known for relaxed service, fresh flavours, and an inviting setting.",Chilli Paneer; Dimsum; Hakka Noodles,95,https://images.unsplash.com/photo-1514933651103-005eec06c04b?auto=format&fit=crop&w=900&q=80
45,Pine Cafe,Panchkula,Sector 11,South Indian,3.9,1300,Yes,Yes,"SCO 175, Sector 11, Panchkula, Punjab",+91 9861156619,11 AM - 11:30 PM,"Dosa, idli, vada, coffee","A well-loved south indian destination in Sector 11, known for relaxed service, fresh flavours, and an inviting setting.",Masala Dosa; Mini Idli; Filter Coffee,84,https://images.unsplash.com/photo-1445116572660-236099ec97a0?auto=format&fit=crop&w=900&q=80
46,Olive Bistro,Chandigarh,Sector 22,Punjabi,4.8,1350,Yes,Yes,"SCO 225, Sector 22, Chandigarh, Punjab",+91 9889804256,12 PM - 12 AM,"Thalis, curries, breads, desserts","A well-loved punjabi destination in Sector 22, known for relaxed service, fresh flavours, and an inviting setting.",Amritsari Kulcha; Chole; Lassi,85,https://images.unsplash.com/photo-1565557623262-b51c2513a641?auto=format&fit=crop&w=900&q=80
47,Copper Bistro,Mohali,Sector 70,Continental,4.6,1000,Yes,Yes,"SCO 305, Sector 70, Mohali, Punjab",+91 9892241728,12 PM - 12 AM,"Salads, grills, pasta, desserts","A well-loved continental destination in Sector 70, known for relaxed service, fresh flavours, and an inviting setting.",Grilled Chicken; Caesar Salad; Chocolate Fondant,80,https://images.unsplash.com/photo-1515003197210-e0cd71810b5f?auto=format&fit=crop&w=900&q=80
48,Saffron Bistro,Panchkula,MDC Sector 4,Asian,3.8,1150,Yes,Yes,"SCO 99, MDC Sector 4, Panchkula, Punjab",+91 9834829094,11 AM - 11:30 PM,"Sushi, Thai curry, ramen, bowls","A well-loved asian destination in MDC Sector 4, known for relaxed service, fresh flavours, and an inviting setting.",Sushi Roll; Thai Curry; Ramen,74,https://images.unsplash.com/photo-1513104890138-7c749659a591?auto=format&fit=crop&w=900&q=80
49,Willow Bistro,Chandigarh,Sector 43,Bakery,4.4,1400,Yes,No,"SCO 248, Sector 43, Chandigarh, Punjab",+91 9867994535,8 AM - 10:30 PM,"Cakes, pastries, breads, coffee","A well-loved bakery destination in Sector 43, known for relaxed service, fresh flavours, and an inviting setting.",Sourdough; Red Velvet Cake; Croissant,64,https://images.unsplash.com/photo-1517248135467-4c7edcad34c4?auto=format&fit=crop&w=900&q=80
50,Urban Bistro,Mohali,Phase 3B2,Fast Food,4.3,800,Yes,No,"SCO 199, Phase 3B2, Mohali, Punjab",+91 9862722168,8 AM - 10:30 PM,"Burgers, wraps, fries, shakes","A well-loved fast food destination in Phase 3B2, known for relaxed service, fresh flavours, and an inviting setting.",Loaded Burger; Peri Peri Fries; Wrap,65,https://images.unsplash.com/photo-1555396273-367ea4eb4db5?auto=format&fit=crop&w=900&q=80
51,Cedar Bistro,Panchkula,Sector 11,North Indian,3.9,1200,No,No,"SCO 269, Sector 11, Panchkula, Punjab",+91 9829126285,8 AM - 10:30 PM,"Curries, kebabs, biryani, breads","A well-loved north indian destination in Sector 11, known for relaxed service, fresh flavours, and an inviting setting.",Butter Chicken; Dal Makhani; Tandoori Platter,91,https://images.unsplash.com/photo-1414235077428-338989a2e8c0?auto=format&fit=crop&w=900&q=80
52,Mango Bistro,Chandigarh,Sector 17,Cafe,4.5,2050,Yes,Yes,"SCO 192, Sector 17, Chandigarh, Punjab",+91 9890819288,9 AM - 11 PM,"Coffee, breakfast bowls, sandwiches, desserts","A well-loved cafe destination in Sector 17, known for relaxed service, fresh flavours, and an inviting setting.",Cold Brew; Avocado Toast; Pancake Stack,95,https://images.unsplash.com/photo-1514933651103-005eec06c04b?auto=format&fit=crop&w=900&q=80
53,Mint Bistro,Mohali,Phase 10,Italian,4.6,1600,Yes,Yes,"SCO 338, Phase 10, Mohali, Punjab",+91 9889898185,11 AM - 11:30 PM,"Pizza, pasta, risotto, desserts","A well-loved italian destination in Phase 10, known for relaxed service, fresh flavours, and an inviting setting.",Truffle Pasta; Burrata Pizza; Tiramisu,81,https://images.unsplash.com/photo-1445116572660-236099ec97a0?auto=format&fit=crop&w=900&q=80
54,Blue Bistro,Panchkula,MDC Sector 4,Chinese,4.7,2000,No,Yes,"SCO 333, MDC Sector 4, Panchkula, Punjab",+91 9824642872,8 AM - 10:30 PM,"Noodles, dimsum, stir-fry, soups","A well-loved chinese destination in MDC Sector 4, known for relaxed service, fresh flavours, and an inviting setting.",Chilli Paneer; Dimsum; Hakka Noodles,72,https://images.unsplash.com/photo-1565557623262-b51c2513a641?auto=format&fit=crop&w=900&q=80
55,Curry Bistro,Chandigarh,Sector 35,South Indian,3.9,1600,Yes,Yes,"SCO 333, Sector 35, Chandigarh, Punjab",+91 9891732767,8 AM - 10:30 PM,"Dosa, idli, vada, coffee","A well-loved south indian destination in Sector 35, known for relaxed service, fresh flavours, and an inviting setting.",Masala Dosa; Mini Idli; Filter Coffee,89,https://images.unsplash.com/photo-1515003197210-e0cd71810b5f?auto=format&fit=crop&w=900&q=80
56,Basil Bistro,Mohali,Airport Road,Punjabi,4.8,1350,Yes,Yes,"SCO 228, Airport Road, Mohali, Punjab",+91 9873656780,9 AM - 11 PM,"Thalis, curries, breads, desserts","A well-loved punjabi destination in Airport Road, known for relaxed service, fresh flavours, and an inviting setting.",Amritsari Kulcha; Chole; Lassi,94,https://images.unsplash.com/photo-1513104890138-7c749659a591?auto=format&fit=crop&w=900&q=80
57,Roast Bistro,Panchkula,Sector 11,Continental,4.7,550,Yes,Yes,"SCO 268, Sector 11, Panchkula, Punjab",+91 9873202613,8 AM - 10:30 PM,"Salads, grills, pasta, desserts","A well-loved continental destination in Sector 11, known for relaxed service, fresh flavours, and an inviting setting.",Grilled Chicken; Caesar Salad; Chocolate Fondant,81,https://images.unsplash.com/photo-1517248135467-4c7edcad34c4?auto=format&fit=crop&w=900&q=80
58,Amber Bistro,Chandigarh,Sector 9,Asian,4.4,2100,No,Yes,"SCO 270, Sector 9, Chandigarh, Punjab",+91 9897104535,9 AM - 11 PM,"Sushi, Thai curry, ramen, bowls","A well-loved asian destination in Sector 9, known for relaxed service, fresh flavours, and an inviting setting.",Sushi Roll; Thai Curry; Ramen,92,https://images.unsplash.com/photo-1555396273-367ea4eb4db5?auto=format&fit=crop&w=900&q=80
59,Maple Bistro,Mohali,Phase 7,Bakery,4.7,1050,Yes,Yes,"SCO 74, Phase 7, Mohali, Punjab",+91 9879134867,12 PM - 12 AM,"Cakes, pastries, breads, coffee","A well-loved bakery destination in Phase 7, known for relaxed service, fresh flavours, and an inviting setting.",Sourdough; Red Velvet Cake; Croissant,81,https://images.unsplash.com/photo-1414235077428-338989a2e8c0?auto=format&fit=crop&w=900&q=80
60,Pine Bistro,Panchkula,MDC Sector 4,Fast Food,4.1,1600,Yes,Yes,"SCO 265, MDC Sector 4, Panchkula, Punjab",+91 9860696605,8 AM - 10:30 PM,"Burgers, wraps, fries, shakes","A well-loved fast food destination in MDC Sector 4, known for relaxed service, fresh flavours, and an inviting setting.",Loaded Burger; Peri Peri Fries; Wrap,84,https://images.unsplash.com/photo-1514933651103-005eec06c04b?auto=format&fit=crop&w=900&q=80
61,Olive Social,Chandigarh,Sector 26,North Indian,4.8,350,Yes,Yes,"SCO 33, Sector 26, Chandigarh, Punjab",+91 9864077841,12 PM - 12 AM,"Curries, kebabs, biryani, breads","A well-loved north indian destination in Sector 26, known for relaxed service, fresh flavours, and an inviting setting.",Butter Chicken; Dal Makhani; Tandoori Platter,61,https://images.unsplash.com/photo-1445116572660-236099ec97a0?auto=format&fit=crop&w=900&q=80
62,Copper Social,Mohali,Sector 79,Cafe,4.6,400,Yes,Yes,"SCO 147, Sector 79, Mohali, Punjab",+91 9884151334,9 AM - 11 PM,"Coffee, breakfast bowls, sandwiches, desserts","A well-loved cafe destination in Sector 79, known for relaxed service, fresh flavours, and an inviting setting.",Cold Brew; Avocado Toast; Pancake Stack,70,https://images.unsplash.com/photo-1565557623262-b51c2513a641?auto=format&fit=crop&w=900&q=80
63,Saffron Social,Panchkula,Sector 11,Italian,4.6,1200,Yes,Yes,"SCO 123, Sector 11, Panchkula, Punjab",+91 9856930521,11 AM - 11:30 PM,"Pizza, pasta, risotto, desserts","A well-loved italian destination in Sector 11, known for relaxed service, fresh flavours, and an inviting setting.",Truffle Pasta; Burrata Pizza; Tiramisu,65,https://images.unsplash.com/photo-1515003197210-e0cd71810b5f?auto=format&fit=crop&w=900&q=80
64,Willow Social,Chandigarh,Sector 7,Chinese,4.6,650,No,No,"SCO 113, Sector 7, Chandigarh, Punjab",+91 9883371842,8 AM - 10:30 PM,"Noodles, dimsum, stir-fry, soups","A well-loved chinese destination in Sector 7, known for relaxed service, fresh flavours, and an inviting setting.",Chilli Paneer; Dimsum; Hakka Noodles,65,https://images.unsplash.com/photo-1513104890138-7c749659a591?auto=format&fit=crop&w=900&q=80
65,Urban Social,Mohali,Phase 5,South Indian,4.1,1200,Yes,Yes,"SCO 258, Phase 5, Mohali, Punjab",+91 9878598273,12 PM - 12 AM,"Dosa, idli, vada, coffee","A well-loved south indian destination in Phase 5, known for relaxed service, fresh flavours, and an inviting setting.",Masala Dosa; Mini Idli; Filter Coffee,60,https://images.unsplash.com/photo-1517248135467-4c7edcad34c4?auto=format&fit=crop&w=900&q=80
66,Cedar Social,Panchkula,MDC Sector 4,Punjabi,4.7,800,Yes,Yes,"SCO 66, MDC Sector 4, Panchkula, Punjab",+91 9813604560,8 AM - 10:30 PM,"Thalis, curries, breads, desserts","A well-loved punjabi destination in MDC Sector 4, known for relaxed service, fresh flavours, and an inviting setting.",Amritsari Kulcha; Chole; Lassi,71,https://images.unsplash.com/photo-1555396273-367ea4eb4db5?auto=format&fit=crop&w=900&q=80
67,Mango Social,Chandigarh,Sector 22,Continental,4.3,2200,Yes,No,"SCO 222, Sector 22, Chandigarh, Punjab",+91 9871318911,9 AM - 11 PM,"Salads, grills, pasta, desserts","A well-loved continental destination in Sector 22, known for relaxed service, fresh flavours, and an inviting setting.",Grilled Chicken; Caesar Salad; Chocolate Fondant,64,https://images.unsplash.com/photo-1414235077428-338989a2e8c0?auto=format&fit=crop&w=900&q=80
68,Mint Social,Mohali,Sector 70,Asian,4.5,1500,No,Yes,"SCO 232, Sector 70, Mohali, Punjab",+91 9841545785,11 AM - 11:30 PM,"Sushi, Thai curry, ramen, bowls","A well-loved asian destination in Sector 70, known for relaxed service, fresh flavours, and an inviting setting.",Sushi Roll; Thai Curry; Ramen,72,https://images.unsplash.com/photo-1514933651103-005eec06c04b?auto=format&fit=crop&w=900&q=80
69,Blue Social,Panchkula,Sector 11,Bakery,4.7,1900,Yes,No,"SCO 266, Sector 11, Panchkula, Punjab",+91 9865361440,11 AM - 11:30 PM,"Cakes, pastries, breads, coffee","A well-loved bakery destination in Sector 11, known for relaxed service, fresh flavours, and an inviting setting.",Sourdough; Red Velvet Cake; Croissant,81,https://images.unsplash.com/photo-1445116572660-236099ec97a0?auto=format&fit=crop&w=900&q=80
70,Curry Social,Chandigarh,Sector 43,Fast Food,3.9,1500,Yes,Yes,"SCO 171, Sector 43, Chandigarh, Punjab",+91 9848024167,11 AM - 11:30 PM,"Burgers, wraps, fries, shakes","A well-loved fast food destination in Sector 43, known for relaxed service, fresh flavours, and an inviting setting.",Loaded Burger; Peri Peri Fries; Wrap,71,https://images.unsplash.com/photo-1565557623262-b51c2513a641?auto=format&fit=crop&w=900&q=80
71,Basil Social,Mohali,Phase 3B2,North Indian,4.4,2150,Yes,Yes,"SCO 233, Phase 3B2, Mohali, Punjab",+91 9812981548,8 AM - 10:30 PM,"Curries, kebabs, biryani, breads","A well-loved north indian destination in Phase 3B2, known for relaxed service, fresh flavours, and an inviting setting.",Butter Chicken; Dal Makhani; Tandoori Platter,61,https://images.unsplash.com/photo-1515003197210-e0cd71810b5f?auto=format&fit=crop&w=900&q=80
72,Roast Social,Panchkula,MDC Sector 4,Cafe,4.1,1650,Yes,Yes,"SCO 308, MDC Sector 4, Panchkula, Punjab",+91 9882988546,12 PM - 12 AM,"Coffee, breakfast bowls, sandwiches, desserts","A well-loved cafe destination in MDC Sector 4, known for relaxed service, fresh flavours, and an inviting setting.",Cold Brew; Avocado Toast; Pancake Stack,92,https://images.unsplash.com/photo-1513104890138-7c749659a591?auto=format&fit=crop&w=900&q=80
73,Amber Social,Chandigarh,Sector 17,Italian,4.9,2000,Yes,Yes,"SCO 283, Sector 17, Chandigarh, Punjab",+91 9827197631,9 AM - 11 PM,"Pizza, pasta, risotto, desserts","A well-loved italian destination in Sector 17, known for relaxed service, fresh flavours, and an inviting setting.",Truffle Pasta; Burrata Pizza; Tiramisu,60,https://images.unsplash.com/photo-1517248135467-4c7edcad34c4?auto=format&fit=crop&w=900&q=80
74,Maple Social,Mohali,Phase 10,Chinese,4.6,1350,No,Yes,"SCO 123, Phase 10, Mohali, Punjab",+91 9855696198,8 AM - 10:30 PM,"Noodles, dimsum, stir-fry, soups","A well-loved chinese destination in Phase 10, known for relaxed service, fresh flavours, and an inviting setting.",Chilli Paneer; Dimsum; Hakka Noodles,73,https://images.unsplash.com/photo-1555396273-367ea4eb4db5?auto=format&fit=crop&w=900&q=80
75,Pine Social,Panchkula,Sector 11,South Indian,4.1,900,Yes,Yes,"SCO 341, Sector 11, Panchkula, Punjab",+91 9830710033,9 AM - 11 PM,"Dosa, idli, vada, coffee","A well-loved south indian destination in Sector 11, known for relaxed service, fresh flavours, and an inviting setting.",Masala Dosa; Mini Idli; Filter Coffee,74,https://images.unsplash.com/photo-1414235077428-338989a2e8c0?auto=format&fit=crop&w=900&q=80
76,Olive House,Chandigarh,Sector 35,Punjabi,4.7,1250,Yes,Yes,"SCO 280, Sector 35, Chandigarh, Punjab",+91 9868173577,12 PM - 12 AM,"Thalis, curries, breads, desserts","A well-loved punjabi destination in Sector 35, known for relaxed service, fresh flavours, and an inviting setting.",Amritsari Kulcha; Chole; Lassi,66,https://images.unsplash.com/photo-1514933651103-005eec06c04b?auto=format&fit=crop&w=900&q=80
77,Copper House,Mohali,Airport Road,Continental,3.9,1100,Yes,Yes,"SCO 289, Airport Road, Mohali, Punjab",+91 9850338239,9 AM - 11 PM,"Salads, grills, pasta, desserts","A well-loved continental destination in Airport Road, known for relaxed service, fresh flavours, and an inviting setting.",Grilled Chicken; Caesar Salad; Chocolate Fondant,82,https://images.unsplash.com/photo-1445116572660-236099ec97a0?auto=format&fit=crop&w=900&q=80
78,Saffron House,Panchkula,MDC Sector 4,Asian,3.9,1500,Yes,Yes,"SCO 70, MDC Sector 4, Panchkula, Punjab",+91 9829806974,11 AM - 11:30 PM,"Sushi, Thai curry, ramen, bowls","A well-loved asian destination in MDC Sector 4, known for relaxed service, fresh flavours, and an inviting setting.",Sushi Roll; Thai Curry; Ramen,64,https://images.unsplash.com/photo-1565557623262-b51c2513a641?auto=format&fit=crop&w=900&q=80
79,Willow House,Chandigarh,Sector 9,Bakery,4.6,800,Yes,No,"SCO 131, Sector 9, Chandigarh, Punjab",+91 9859034319,8 AM - 10:30 PM,"Cakes, pastries, breads, coffee","A well-loved bakery destination in Sector 9, known for relaxed service, fresh flavours, and an inviting setting.",Sourdough; Red Velvet Cake; Croissant,91,https://images.unsplash.com/photo-1515003197210-e0cd71810b5f?auto=format&fit=crop&w=900&q=80
80,Urban House,Mohali,Phase 7,Fast Food,4.4,2350,No,Yes,"SCO 236, Phase 7, Mohali, Punjab",+91 9896261616,11 AM - 11:30 PM,"Burgers, wraps, fries, shakes","A well-loved fast food destination in Phase 7, known for relaxed service, fresh flavours, and an inviting setting.",Loaded Burger; Peri Peri Fries; Wrap,97,https://images.unsplash.com/photo-1513104890138-7c749659a591?auto=format&fit=crop&w=900&q=80
81,Cedar House,Panchkula,Sector 11,North Indian,4.2,1550,No,Yes,"SCO 200, Sector 11, Panchkula, Punjab",+91 9884073768,9 AM - 11 PM,"Curries, kebabs, biryani, breads","A well-loved north indian destination in Sector 11, known for relaxed service, fresh flavours, and an inviting setting.",Butter Chicken; Dal Makhani; Tandoori Platter,81,https://images.unsplash.com/photo-1517248135467-4c7edcad34c4?auto=format&fit=crop&w=900&q=80
82,Mango House,Chandigarh,Sector 26,Cafe,4.2,1450,Yes,Yes,"SCO 25, Sector 26, Chandigarh, Punjab",+91 9826686228,9 AM - 11 PM,"Coffee, breakfast bowls, sandwiches, desserts","A well-loved cafe destination in Sector 26, known for relaxed service, fresh flavours, and an inviting setting.",Cold Brew; Avocado Toast; Pancake Stack,66,https://images.unsplash.com/photo-1555396273-367ea4eb4db5?auto=format&fit=crop&w=900&q=80
83,Mint House,Mohali,Sector 79,Italian,4.2,1550,No,No,"SCO 267, Sector 79, Mohali, Punjab",+91 9878707627,11 AM - 11:30 PM,"Pizza, pasta, risotto, desserts","A well-loved italian destination in Sector 79, known for relaxed service, fresh flavours, and an inviting setting.",Truffle Pasta; Burrata Pizza; Tiramisu,93,https://images.unsplash.com/photo-1414235077428-338989a2e8c0?auto=format&fit=crop&w=900&q=80
84,Blue House,Panchkula,MDC Sector 4,Chinese,4.0,2350,Yes,Yes,"SCO 27, MDC Sector 4, Panchkula, Punjab",+91 9843308637,8 AM - 10:30 PM,"Noodles, dimsum, stir-fry, soups","A well-loved chinese destination in MDC Sector 4, known for relaxed service, fresh flavours, and an inviting setting.",Chilli Paneer; Dimsum; Hakka Noodles,98,https://images.unsplash.com/photo-1514933651103-005eec06c04b?auto=format&fit=crop&w=900&q=80
85,Curry House,Chandigarh,Sector 7,South Indian,4.3,1450,Yes,No,"SCO 188, Sector 7, Chandigarh, Punjab",+91 9863328601,11 AM - 11:30 PM,"Dosa, idli, vada, coffee","A well-loved south indian destination in Sector 7, known for relaxed service, fresh flavours, and an inviting setting.",Masala Dosa; Mini Idli; Filter Coffee,69,https://images.unsplash.com/photo-1445116572660-236099ec97a0?auto=format&fit=crop&w=900&q=80
86,Basil House,Mohali,Phase 5,Punjabi,4.8,1600,Yes,Yes,"SCO 255, Phase 5, Mohali, Punjab",+91 9893989808,12 PM - 12 AM,"Thalis, curries, breads, desserts","A well-loved punjabi destination in Phase 5, known for relaxed service, fresh flavours, and an inviting setting.",Amritsari Kulcha; Chole; Lassi,97,https://images.unsplash.com/photo-1565557623262-b51c2513a641?auto=format&fit=crop&w=900&q=80
87,Roast House,Panchkula,Sector 11,Continental,4.5,450,Yes,Yes,"SCO 168, Sector 11, Panchkula, Punjab",+91 9819369647,8 AM - 10:30 PM,"Salads, grills, pasta, desserts","A well-loved continental destination in Sector 11, known for relaxed service, fresh flavours, and an inviting setting.",Grilled Chicken; Caesar Salad; Chocolate Fondant,95,https://images.unsplash.com/photo-1515003197210-e0cd71810b5f?auto=format&fit=crop&w=900&q=80
88,Amber House,Chandigarh,Sector 22,Asian,4.2,2150,No,Yes,"SCO 76, Sector 22, Chandigarh, Punjab",+91 9853765105,9 AM - 11 PM,"Sushi, Thai curry, ramen, bowls","A well-loved asian destination in Sector 22, known for relaxed service, fresh flavours, and an inviting setting.",Sushi Roll; Thai Curry; Ramen,67,https://images.unsplash.com/photo-1513104890138-7c749659a591?auto=format&fit=crop&w=900&q=80
89,Maple House,Mohali,Sector 70,Bakery,4.2,400,Yes,Yes,"SCO 19, Sector 70, Mohali, Punjab",+91 9839680241,11 AM - 11:30 PM,"Cakes, pastries, breads, coffee","A well-loved bakery destination in Sector 70, known for relaxed service, fresh flavours, and an inviting setting.",Sourdough; Red Velvet Cake; Croissant,86,https://images.unsplash.com/photo-1517248135467-4c7edcad34c4?auto=format&fit=crop&w=900&q=80
90,Pine House,Panchkula,MDC Sector 4,Fast Food,3.9,550,Yes,No,"SCO 193, MDC Sector 4, Panchkula, Punjab",+91 9837718920,9 AM - 11 PM,"Burgers, wraps, fries, shakes","A well-loved fast food destination in MDC Sector 4, known for relaxed service, fresh flavours, and an inviting setting.",Loaded Burger; Peri Peri Fries; Wrap,70,https://images.unsplash.com/photo-1555396273-367ea4eb4db5?auto=format&fit=crop&w=900&q=80
91,Olive Grill,Chandigarh,Sector 43,North Indian,4.7,800,No,Yes,"SCO 197, Sector 43, Chandigarh, Punjab",+91 9896453290,11 AM - 11:30 PM,"Curries, kebabs, biryani, breads","A well-loved north indian destination in Sector 43, known for relaxed service, fresh flavours, and an inviting setting.",Butter Chicken; Dal Makhani; Tandoori Platter,73,https://images.unsplash.com/photo-1414235077428-338989a2e8c0?auto=format&fit=crop&w=900&q=80
92,Copper Grill,Mohali,Phase 3B2,Cafe,4.4,800,Yes,Yes,"SCO 233, Phase 3B2, Mohali, Punjab",+91 9876334359,12 PM - 12 AM,"Coffee, breakfast bowls, sandwiches, desserts","A well-loved cafe destination in Phase 3B2, known for relaxed service, fresh flavours, and an inviting setting.",Cold Brew; Avocado Toast; Pancake Stack,68,https://images.unsplash.com/photo-1514933651103-005eec06c04b?auto=format&fit=crop&w=900&q=80
93,Saffron Grill,Panchkula,Sector 11,Italian,3.9,850,Yes,Yes,"SCO 147, Sector 11, Panchkula, Punjab",+91 9875690789,12 PM - 12 AM,"Pizza, pasta, risotto, desserts","A well-loved italian destination in Sector 11, known for relaxed service, fresh flavours, and an inviting setting.",Truffle Pasta; Burrata Pizza; Tiramisu,80,https://images.unsplash.com/photo-1445116572660-236099ec97a0?auto=format&fit=crop&w=900&q=80
94,Willow Grill,Chandigarh,Sector 17,Chinese,4.0,2050,No,Yes,"SCO 21, Sector 17, Chandigarh, Punjab",+91 9826932069,11 AM - 11:30 PM,"Noodles, dimsum, stir-fry, soups","A well-loved chinese destination in Sector 17, known for relaxed service, fresh flavours, and an inviting setting.",Chilli Paneer; Dimsum; Hakka Noodles,85,https://images.unsplash.com/photo-1565557623262-b51c2513a641?auto=format&fit=crop&w=900&q=80
95,Urban Grill,Mohali,Phase 10,South Indian,3.8,2150,Yes,Yes,"SCO 150, Phase 10, Mohali, Punjab",+91 9858064616,8 AM - 10:30 PM,"Dosa, idli, vada, coffee","A well-loved south indian destination in Phase 10, known for relaxed service, fresh flavours, and an inviting setting.",Masala Dosa; Mini Idli; Filter Coffee,60,https://images.unsplash.com/photo-1515003197210-e0cd71810b5f?auto=format&fit=crop&w=900&q=80
96,Cedar Grill,Panchkula,MDC Sector 4,Punjabi,3.9,950,Yes,Yes,"SCO 280, MDC Sector 4, Panchkula, Punjab",+91 9871711201,12 PM - 12 AM,"Thalis, curries, breads, desserts","A well-loved punjabi destination in MDC Sector 4, known for relaxed service, fresh flavours, and an inviting setting.",Amritsari Kulcha; Chole; Lassi,73,https://images.unsplash.com/photo-1513104890138-7c749659a591?auto=format&fit=crop&w=900&q=80
97,Mango Grill,Chandigarh,Sector 35,Continental,3.8,2200,Yes,Yes,"SCO 193, Sector 35, Chandigarh, Punjab",+91 9879227678,8 AM - 10:30 PM,"Salads, grills, pasta, desserts","A well-loved continental destination in Sector 35, known for relaxed service, fresh flavours, and an inviting setting.",Grilled Chicken; Caesar Salad; Chocolate Fondant,88,https://images.unsplash.com/photo-1517248135467-4c7edcad34c4?auto=format&fit=crop&w=900&q=80
98,Mint Grill,Mohali,Airport Road,Asian,4.0,600,No,No,"SCO 189, Airport Road, Mohali, Punjab",+91 9882761972,11 AM - 11:30 PM,"Sushi, Thai curry, ramen, bowls","A well-loved asian destination in Airport Road, known for relaxed service, fresh flavours, and an inviting setting.",Sushi Roll; Thai Curry; Ramen,69,https://images.unsplash.com/photo-1555396273-367ea4eb4db5?auto=format&fit=crop&w=900&q=80
99,Blue Grill,Panchkula,Sector 11,Bakery,4.3,2250,Yes,No,"SCO 279, Sector 11, Panchkula, Punjab",+91 9883639887,12 PM - 12 AM,"Cakes, pastries, breads, coffee","A well-loved bakery destination in Sector 11, known for relaxed service, fresh flavours, and an inviting setting.",Sourdough; Red Velvet Cake; Croissant,84,https://images.unsplash.com/photo-1414235077428-338989a2e8c0?auto=format&fit=crop&w=900&q=80
100,Curry Grill,Chandigarh,Sector 9,Fast Food,4.7,1150,No,Yes,"SCO 273, Sector 9, Chandigarh, Punjab",+91 9812089402,12 PM - 12 AM,"Burgers, wraps, fries, shakes","A well-loved fast food destination in Sector 9, known for relaxed service, fresh flavours, and an inviting setting.",Loaded Burger; Peri Peri Fries; Wrap,76,https://images.unsplash.com/photo-1514933651103-005eec06c04b?auto=format&fit=crop&w=900&q=80
101,Basil Grill,Mohali,Phase 7,North Indian,4.5,2000,Yes,No,"SCO 81, Phase 7, Mohali, Punjab",+91 9874901483,9 AM - 11 PM,"Curries, kebabs, biryani, breads","A well-loved north indian destination in Phase 7, known for relaxed service, fresh flavours, and an inviting setting.",Butter Chicken; Dal Makhani; Tandoori Platter,70,https://images.unsplash.com/photo-1445116572660-236099ec97a0?auto=format&fit=crop&w=900&q=80
102,Roast Grill,Panchkula,MDC Sector 4,Cafe,4.5,1550,Yes,Yes,"SCO 169, MDC Sector 4, Panchkula, Punjab",+91 9860387360,12 PM - 12 AM,"Coffee, breakfast bowls, sandwiches, desserts","A well-loved cafe destination in MDC Sector 4, known for relaxed service, fresh flavours, and an inviting setting.",Cold Brew; Avocado Toast; Pancake Stack,65,https://images.unsplash.com/photo-1565557623262-b51c2513a641?auto=format&fit=crop&w=900&q=80
103,Amber Grill,Chandigarh,Sector 26,Italian,3.9,2050,No,Yes,"SCO 330, Sector 26, Chandigarh, Punjab",+91 9821123683,12 PM - 12 AM,"Pizza, pasta, risotto, desserts","A well-loved italian destination in Sector 26, known for relaxed service, fresh flavours, and an inviting setting.",Truffle Pasta; Burrata Pizza; Tiramisu,62,https://images.unsplash.com/photo-1515003197210-e0cd71810b5f?auto=format&fit=crop&w=900&q=80
104,Maple Grill,Mohali,Sector 79,Chinese,4.1,1150,Yes,No,"SCO 302, Sector 79, Mohali, Punjab",+91 9850680451,12 PM - 12 AM,"Noodles, dimsum, stir-fry, soups","A well-loved chinese destination in Sector 79, known for relaxed service, fresh flavours, and an inviting setting.",Chilli Paneer; Dimsum; Hakka Noodles,64,https://images.unsplash.com/photo-1513104890138-7c749659a591?auto=format&fit=crop&w=900&q=80
105,Pine Grill,Panchkula,Sector 11,South Indian,4.7,650,Yes,No,"SCO 153, Sector 11, Panchkula, Punjab",+91 9851827377,8 AM - 10:30 PM,"Dosa, idli, vada, coffee","A well-loved south indian destination in Sector 11, known for relaxed service, fresh flavours, and an inviting setting.",Masala Dosa; Mini Idli; Filter Coffee,93,https://images.unsplash.com/photo-1517248135467-4c7edcad34c4?auto=format&fit=crop&w=900&q=80
106,Olive Corner,Chandigarh,Sector 7,Punjabi,4.8,500,Yes,Yes,"SCO 130, Sector 7, Chandigarh, Punjab",+91 9833950548,12 PM - 12 AM,"Thalis, curries, breads, desserts","A well-loved punjabi destination in Sector 7, known for relaxed service, fresh flavours, and an inviting setting.",Amritsari Kulcha; Chole; Lassi,87,https://images.unsplash.com/photo-1555396273-367ea4eb4db5?auto=format&fit=crop&w=900&q=80
107,Copper Corner,Mohali,Phase 5,Continental,4.5,650,No,Yes,"SCO 96, Phase 5, Mohali, Punjab",+91 9820148458,8 AM - 10:30 PM,"Salads, grills, pasta, desserts","A well-loved continental destination in Phase 5, known for relaxed service, fresh flavours, and an inviting setting.",Grilled Chicken; Caesar Salad; Chocolate Fondant,83,https://images.unsplash.com/photo-1414235077428-338989a2e8c0?auto=format&fit=crop&w=900&q=80
108,Saffron Corner,Panchkula,MDC Sector 4,Asian,4.2,550,No,Yes,"SCO 121, MDC Sector 4, Panchkula, Punjab",+91 9812945883,9 AM - 11 PM,"Sushi, Thai curry, ramen, bowls","A well-loved asian destination in MDC Sector 4, known for relaxed service, fresh flavours, and an inviting setting.",Sushi Roll; Thai Curry; Ramen,87,https://images.unsplash.com/photo-1514933651103-005eec06c04b?auto=format&fit=crop&w=900&q=80
109,Willow Corner,Chandigarh,Sector 22,Bakery,4.4,1450,Yes,Yes,"SCO 178, Sector 22, Chandigarh, Punjab",+91 9880047555,12 PM - 12 AM,"Cakes, pastries, breads, coffee","A well-loved bakery destination in Sector 22, known for relaxed service, fresh flavours, and an inviting setting.",Sourdough; Red Velvet Cake; Croissant,64,https://images.unsplash.com/photo-1445116572660-236099ec97a0?auto=format&fit=crop&w=900&q=80
110,Urban Corner,Mohali,Sector 70,Fast Food,4.2,1350,No,Yes,"SCO 218, Sector 70, Mohali, Punjab",+91 9871179760,8 AM - 10:30 PM,"Burgers, wraps, fries, shakes","A well-loved fast food destination in Sector 70, known for relaxed service, fresh flavours, and an inviting setting.",Loaded Burger; Peri Peri Fries; Wrap,72,https://images.unsplash.com/photo-1565557623262-b51c2513a641?auto=format&fit=crop&w=900&q=80
111,Cedar Corner,Panchkula,Sector 11,North Indian,4.3,2100,No,Yes,"SCO 283, Sector 11, Panchkula, Punjab",+91 9850820881,12 PM - 12 AM,"Curries, kebabs, biryani, breads","A well-loved north indian destination in Sector 11, known for relaxed service, fresh flavours, and an inviting setting.",Butter Chicken; Dal Makhani; Tandoori Platter,88,https://images.unsplash.com/photo-1515003197210-e0cd71810b5f?auto=format&fit=crop&w=900&q=80
112,Mango Corner,Chandigarh,Sector 43,Cafe,4.4,1900,Yes,Yes,"SCO 66, Sector 43, Chandigarh, Punjab",+91 9880148495,9 AM - 11 PM,"Coffee, breakfast bowls, sandwiches, desserts","A well-loved cafe destination in Sector 43, known for relaxed service, fresh flavours, and an inviting setting.",Cold Brew; Avocado Toast; Pancake Stack,82,https://images.unsplash.com/photo-1513104890138-7c749659a591?auto=format&fit=crop&w=900&q=80
113,Mint Corner,Mohali,Phase 3B2,Italian,4.0,2350,Yes,Yes,"SCO 199, Phase 3B2, Mohali, Punjab",+91 9874075326,11 AM - 11:30 PM,"Pizza, pasta, risotto, desserts","A well-loved italian destination in Phase 3B2, known for relaxed service, fresh flavours, and an inviting setting.",Truffle Pasta; Burrata Pizza; Tiramisu,91,https://images.unsplash.com/photo-1517248135467-4c7edcad34c4?auto=format&fit=crop&w=900&q=80
114,Blue Corner,Panchkula,MDC Sector 4,Chinese,4.5,1950,No,Yes,"SCO 104, MDC Sector 4, Panchkula, Punjab",+91 9821766383,8 AM - 10:30 PM,"Noodles, dimsum, stir-fry, soups","A well-loved chinese destination in MDC Sector 4, known for relaxed service, fresh flavours, and an inviting setting.",Chilli Paneer; Dimsum; Hakka Noodles,69,https://images.unsplash.com/photo-1555396273-367ea4eb4db5?auto=format&fit=crop&w=900&q=80
115,Curry Corner,Chandigarh,Sector 17,South Indian,4.6,2400,Yes,No,"SCO 207, Sector 17, Chandigarh, Punjab",+91 9820628557,9 AM - 11 PM,"Dosa, idli, vada, coffee","A well-loved south indian destination in Sector 17, known for relaxed service, fresh flavours, and an inviting setting.",Masala Dosa; Mini Idli; Filter Coffee,85,https://images.unsplash.com/photo-1414235077428-338989a2e8c0?auto=format&fit=crop&w=900&q=80
116,Basil Corner,Mohali,Phase 10,Punjabi,4.9,2200,Yes,Yes,"SCO 299, Phase 10, Mohali, Punjab",+91 9835977254,11 AM - 11:30 PM,"Thalis, curries, breads, desserts","A well-loved punjabi destination in Phase 10, known for relaxed service, fresh flavours, and an inviting setting.",Amritsari Kulcha; Chole; Lassi,97,https://images.unsplash.com/photo-1514933651103-005eec06c04b?auto=format&fit=crop&w=900&q=80
117,Roast Corner,Panchkula,Sector 11,Continental,3.9,950,No,Yes,"SCO 326, Sector 11, Panchkula, Punjab",+91 9834149031,8 AM - 10:30 PM,"Salads, grills, pasta, desserts","A well-loved continental destination in Sector 11, known for relaxed service, fresh flavours, and an inviting setting.",Grilled Chicken; Caesar Salad; Chocolate Fondant,68,https://images.unsplash.com/photo-1445116572660-236099ec97a0?auto=format&fit=crop&w=900&q=80
118,Amber Corner,Chandigarh,Sector 35,Asian,4.1,600,No,Yes,"SCO 80, Sector 35, Chandigarh, Punjab",+91 9824348242,11 AM - 11:30 PM,"Sushi, Thai curry, ramen, bowls","A well-loved asian destination in Sector 35, known for relaxed service, fresh flavours, and an inviting setting.",Sushi Roll; Thai Curry; Ramen,73,https://images.unsplash.com/photo-1565557623262-b51c2513a641?auto=format&fit=crop&w=900&q=80
119,Maple Corner,Mohali,Airport Road,Bakery,4.2,900,Yes,No,"SCO 99, Airport Road, Mohali, Punjab",+91 9864939493,9 AM - 11 PM,"Cakes, pastries, breads, coffee","A well-loved bakery destination in Airport Road, known for relaxed service, fresh flavours, and an inviting setting.",Sourdough; Red Velvet Cake; Croissant,89,https://images.unsplash.com/photo-1515003197210-e0cd71810b5f?auto=format&fit=crop&w=900&q=80
120,Pine Corner,Panchkula,MDC Sector 4,Fast Food,4.3,900,No,Yes,"SCO 110, MDC Sector 4, Panchkula, Punjab",+91 9864274556,12 PM - 12 AM,"Burgers, wraps, fries, shakes","A well-loved fast food destination in MDC Sector 4, known for relaxed service, fresh flavours, and an inviting setting.",Loaded Burger; Peri Peri Fries; Wrap,87,https://images.unsplash.com/photo-1513104890138-7c749659a591?auto=format&fit=crop&w=900&q=80
121,Olive Stories,Chandigarh,Sector 9,North Indian,3.9,950,No,Yes,"SCO 14, Sector 9, Chandigarh, Punjab",+91 9895848062,11 AM - 11:30 PM,"Curries, kebabs, biryani, breads","A well-loved north indian destination in Sector 9, known for relaxed service, fresh flavours, and an inviting setting.",Butter Chicken; Dal Makhani; Tandoori Platter,82,https://images.unsplash.com/photo-1517248135467-4c7edcad34c4?auto=format&fit=crop&w=900&q=80
122,Copper Stories,Mohali,Phase 7,Cafe,4.5,1650,Yes,No,"SCO 257, Phase 7, Mohali, Punjab",+91 9839097555,11 AM - 11:30 PM,"Coffee, breakfast bowls, sandwiches, desserts","A well-loved cafe destination in Phase 7, known for relaxed service, fresh flavours, and an inviting setting.",Cold Brew; Avocado Toast; Pancake Stack,63,https://images.unsplash.com/photo-1555396273-367ea4eb4db5?auto=format&fit=crop&w=900&q=80
123,Saffron Stories,Panchkula,Sector 11,Italian,4.5,450,Yes,Yes,"SCO 54, Sector 11, Panchkula, Punjab",+91 9880993158,11 AM - 11:30 PM,"Pizza, pasta, risotto, desserts","A well-loved italian destination in Sector 11, known for relaxed service, fresh flavours, and an inviting setting.",Truffle Pasta; Burrata Pizza; Tiramisu,75,https://images.unsplash.com/photo-1414235077428-338989a2e8c0?auto=format&fit=crop&w=900&q=80
124,Willow Stories,Chandigarh,Sector 26,Chinese,4.6,1000,Yes,Yes,"SCO 198, Sector 26, Chandigarh, Punjab",+91 9841770128,11 AM - 11:30 PM,"Noodles, dimsum, stir-fry, soups","A well-loved chinese destination in Sector 26, known for relaxed service, fresh flavours, and an inviting setting.",Chilli Paneer; Dimsum; Hakka Noodles,99,https://images.unsplash.com/photo-1514933651103-005eec06c04b?auto=format&fit=crop&w=900&q=80
125,Urban Stories,Mohali,Sector 79,South Indian,3.9,1700,Yes,No,"SCO 285, Sector 79, Mohali, Punjab",+91 9832584970,11 AM - 11:30 PM,"Dosa, idli, vada, coffee","A well-loved south indian destination in Sector 79, known for relaxed service, fresh flavours, and an inviting setting.",Masala Dosa; Mini Idli; Filter Coffee,80,https://images.unsplash.com/photo-1445116572660-236099ec97a0?auto=format&fit=crop&w=900&q=80
126,Cedar Stories,Panchkula,MDC Sector 4,Punjabi,4.6,750,Yes,Yes,"SCO 18, MDC Sector 4, Panchkula, Punjab",+91 9818676215,9 AM - 11 PM,"Thalis, curries, breads, desserts","A well-loved punjabi destination in MDC Sector 4, known for relaxed service, fresh flavours, and an inviting setting.",Amritsari Kulcha; Chole; Lassi,86,https://images.unsplash.com/photo-1565557623262-b51c2513a641?auto=format&fit=crop&w=900&q=80
127,Mango Stories,Chandigarh,Sector 7,Continental,4.5,2250,Yes,Yes,"SCO 324, Sector 7, Chandigarh, Punjab",+91 9895594468,9 AM - 11 PM,"Salads, grills, pasta, desserts","A well-loved continental destination in Sector 7, known for relaxed service, fresh flavours, and an inviting setting.",Grilled Chicken; Caesar Salad; Chocolate Fondant,63,https://images.unsplash.com/photo-1515003197210-e0cd71810b5f?auto=format&fit=crop&w=900&q=80
128,Mint Stories,Mohali,Phase 5,Asian,4.3,1900,No,Yes,"SCO 16, Phase 5, Mohali, Punjab",+91 9894549782,9 AM - 11 PM,"Sushi, Thai curry, ramen, bowls","A well-loved asian destination in Phase 5, known for relaxed service, fresh flavours, and an inviting setting.",Sushi Roll; Thai Curry; Ramen,84,https://images.unsplash.com/photo-1513104890138-7c749659a591?auto=format&fit=crop&w=900&q=80
129,Blue Stories,Panchkula,Sector 11,Bakery,4.6,1050,Yes,Yes,"SCO 107, Sector 11, Panchkula, Punjab",+91 9856234162,12 PM - 12 AM,"Cakes, pastries, breads, coffee","A well-loved bakery destination in Sector 11, known for relaxed service, fresh flavours, and an inviting setting.",Sourdough; Red Velvet Cake; Croissant,96,https://images.unsplash.com/photo-1517248135467-4c7edcad34c4?auto=format&fit=crop&w=900&q=80
130,Curry Stories,Chandigarh,Sector 22,Fast Food,4.2,650,No,Yes,"SCO 331, Sector 22, Chandigarh, Punjab",+91 9852154732,12 PM - 12 AM,"Burgers, wraps, fries, shakes","A well-loved fast food destination in Sector 22, known for relaxed service, fresh flavours, and an inviting setting.",Loaded Burger; Peri Peri Fries; Wrap,79,https://images.unsplash.com/photo-1555396273-367ea4eb4db5?auto=format&fit=crop&w=900&q=80
131,Basil Stories,Mohali,Sector 70,North Indian,4.4,1250,Yes,Yes,"SCO 253, Sector 70, Mohali, Punjab",+91 9830135532,8 AM - 10:30 PM,"Curries, kebabs, biryani, breads","A well-loved north indian destination in Sector 70, known for relaxed service, fresh flavours, and an inviting setting.",Butter Chicken; Dal Makhani; Tandoori Platter,88,https://images.unsplash.com/photo-1414235077428-338989a2e8c0?auto=format&fit=crop&w=900&q=80
132,Roast Stories,Panchkula,MDC Sector 4,Cafe,4.3,1750,Yes,Yes,"SCO 274, MDC Sector 4, Panchkula, Punjab",+91 9850848183,9 AM - 11 PM,"Coffee, breakfast bowls, sandwiches, desserts","A well-loved cafe destination in MDC Sector 4, known for relaxed service, fresh flavours, and an inviting setting.",Cold Brew; Avocado Toast; Pancake Stack,81,https://images.unsplash.com/photo-1514933651103-005eec06c04b?auto=format&fit=crop&w=900&q=80
133,Amber Stories,Chandigarh,Sector 43,Italian,4.9,1400,No,Yes,"SCO 135, Sector 43, Chandigarh, Punjab",+91 9872584574,9 AM - 11 PM,"Pizza, pasta, risotto, desserts","A well-loved italian destination in Sector 43, known for relaxed service, fresh flavours, and an inviting setting.",Truffle Pasta; Burrata Pizza; Tiramisu,69,https://images.unsplash.com/photo-1445116572660-236099ec97a0?auto=format&fit=crop&w=900&q=80
134,Maple Stories,Mohali,Phase 3B2,Chinese,3.9,400,No,Yes,"SCO 267, Phase 3B2, Mohali, Punjab",+91 9897453997,8 AM - 10:30 PM,"Noodles, dimsum, stir-fry, soups","A well-loved chinese destination in Phase 3B2, known for relaxed service, fresh flavours, and an inviting setting.",Chilli Paneer; Dimsum; Hakka Noodles,78,https://images.unsplash.com/photo-1565557623262-b51c2513a641?auto=format&fit=crop&w=900&q=80
135,Pine Stories,Panchkula,Sector 11,South Indian,4.0,1350,Yes,Yes,"SCO 301, Sector 11, Panchkula, Punjab",+91 9879086129,9 AM - 11 PM,"Dosa, idli, vada, coffee","A well-loved south indian destination in Sector 11, known for relaxed service, fresh flavours, and an inviting setting.",Masala Dosa; Mini Idli; Filter Coffee,75,https://images.unsplash.com/photo-1515003197210-e0cd71810b5f?auto=format&fit=crop&w=900&q=80
136,Olive Terrace,Chandigarh,Sector 17,Punjabi,4.0,2300,Yes,No,"SCO 104, Sector 17, Chandigarh, Punjab",+91 9851192469,8 AM - 10:30 PM,"Thalis, curries, breads, desserts","A well-loved punjabi destination in Sector 17, known for relaxed service, fresh flavours, and an inviting setting.",Amritsari Kulcha; Chole; Lassi,70,https://images.unsplash.com/photo-1513104890138-7c749659a591?auto=format&fit=crop&w=900&q=80
137,Copper Terrace,Mohali,Phase 10,Continental,4.9,1600,Yes,Yes,"SCO 81, Phase 10, Mohali, Punjab",+91 9890212193,9 AM - 11 PM,"Salads, grills, pasta, desserts","A well-loved continental destination in Phase 10, known for relaxed service, fresh flavours, and an inviting setting.",Grilled Chicken; Caesar Salad; Chocolate Fondant,92,https://images.unsplash.com/photo-1517248135467-4c7edcad34c4?auto=format&fit=crop&w=900&q=80
138,Saffron Terrace,Panchkula,MDC Sector 4,Asian,4.5,2400,No,Yes,"SCO 294, MDC Sector 4, Panchkula, Punjab",+91 9861766032,11 AM - 11:30 PM,"Sushi, Thai curry, ramen, bowls","A well-loved asian destination in MDC Sector 4, known for relaxed service, fresh flavours, and an inviting setting.",Sushi Roll; Thai Curry; Ramen,80,https://images.unsplash.com/photo-1555396273-367ea4eb4db5?auto=format&fit=crop&w=900&q=80
139,Willow Terrace,Chandigarh,Sector 35,Bakery,4.7,850,Yes,Yes,"SCO 202, Sector 35, Chandigarh, Punjab",+91 9878367531,12 PM - 12 AM,"Cakes, pastries, breads, coffee","A well-loved bakery destination in Sector 35, known for relaxed service, fresh flavours, and an inviting setting.",Sourdough; Red Velvet Cake; Croissant,82,https://images.unsplash.com/photo-1414235077428-338989a2e8c0?auto=format&fit=crop&w=900&q=80
140,Urban Terrace,Mohali,Airport Road,Fast Food,4.8,1600,Yes,Yes,"SCO 107, Airport Road, Mohali, Punjab",+91 9868173511,8 AM - 10:30 PM,"Burgers, wraps, fries, shakes","A well-loved fast food destination in Airport Road, known for relaxed service, fresh flavours, and an inviting setting.",Loaded Burger; Peri Peri Fries; Wrap,75,https://images.unsplash.com/photo-1514933651103-005eec06c04b?auto=format&fit=crop&w=900&q=80
141,Cedar Terrace,Panchkula,Sector 11,North Indian,3.9,800,Yes,Yes,"SCO 262, Sector 11, Panchkula, Punjab",+91 9839633203,8 AM - 10:30 PM,"Curries, kebabs, biryani, breads","A well-loved north indian destination in Sector 11, known for relaxed service, fresh flavours, and an inviting setting.",Butter Chicken; Dal Makhani; Tandoori Platter,67,https://images.unsplash.com/photo-1445116572660-236099ec97a0?auto=format&fit=crop&w=900&q=80
142,Mango Terrace,Chandigarh,Sector 9,Cafe,3.8,550,Yes,No,"SCO 163, Sector 9, Chandigarh, Punjab",+91 9850628902,8 AM - 10:30 PM,"Coffee, breakfast bowls, sandwiches, desserts","A well-loved cafe destination in Sector 9, known for relaxed service, fresh flavours, and an inviting setting.",Cold Brew; Avocado Toast; Pancake Stack,96,https://images.unsplash.com/photo-1565557623262-b51c2513a641?auto=format&fit=crop&w=900&q=80
143,Mint Terrace,Mohali,Phase 7,Italian,4.4,1900,No,Yes,"SCO 189, Phase 7, Mohali, Punjab",+91 9826572600,8 AM - 10:30 PM,"Pizza, pasta, risotto, desserts","A well-loved italian destination in Phase 7, known for relaxed service, fresh flavours, and an inviting setting.",Truffle Pasta; Burrata Pizza; Tiramisu,74,https://images.unsplash.com/photo-1515003197210-e0cd71810b5f?auto=format&fit=crop&w=900&q=80
144,Blue Terrace,Panchkula,MDC Sector 4,Chinese,4.5,2350,Yes,No,"SCO 17, MDC Sector 4, Panchkula, Punjab",+91 9874349153,11 AM - 11:30 PM,"Noodles, dimsum, stir-fry, soups","A well-loved chinese destination in MDC Sector 4, known for relaxed service, fresh flavours, and an inviting setting.",Chilli Paneer; Dimsum; Hakka Noodles,97,https://images.unsplash.com/photo-1513104890138-7c749659a591?auto=format&fit=crop&w=900&q=80
145,Curry Terrace,Chandigarh,Sector 26,South Indian,4.3,850,Yes,Yes,"SCO 288, Sector 26, Chandigarh, Punjab",+91 9884947869,9 AM - 11 PM,"Dosa, idli, vada, coffee","A well-loved south indian destination in Sector 26, known for relaxed service, fresh flavours, and an inviting setting.",Masala Dosa; Mini Idli; Filter Coffee,93,https://images.unsplash.com/photo-1517248135467-4c7edcad34c4?auto=format&fit=crop&w=900&q=80
146,Basil Terrace,Mohali,Sector 79,Punjabi,4.8,500,Yes,No,"SCO 27, Sector 79, Mohali, Punjab",+91 9890053829,8 AM - 10:30 PM,"Thalis, curries, breads, desserts","A well-loved punjabi destination in Sector 79, known for relaxed service, fresh flavours, and an inviting setting.",Amritsari Kulcha; Chole; Lassi,97,https://images.unsplash.com/photo-1555396273-367ea4eb4db5?auto=format&fit=crop&w=900&q=80
147,Roast Terrace,Panchkula,Sector 11,Continental,4.4,1800,No,Yes,"SCO 84, Sector 11, Panchkula, Punjab",+91 9865886358,9 AM - 11 PM,"Salads, grills, pasta, desserts","A well-loved continental destination in Sector 11, known for relaxed service, fresh flavours, and an inviting setting.",Grilled Chicken; Caesar Salad; Chocolate Fondant,67,https://images.unsplash.com/photo-1414235077428-338989a2e8c0?auto=format&fit=crop&w=900&q=80
148,Amber Terrace,Chandigarh,Sector 7,Asian,4.6,1550,No,Yes,"SCO 306, Sector 7, Chandigarh, Punjab",+91 9853810551,11 AM - 11:30 PM,"Sushi, Thai curry, ramen, bowls","A well-loved asian destination in Sector 7, known for relaxed service, fresh flavours, and an inviting setting.",Sushi Roll; Thai Curry; Ramen,85,https://images.unsplash.com/photo-1514933651103-005eec06c04b?auto=format&fit=crop&w=900&q=80
149,Maple Terrace,Mohali,Phase 5,Bakery,4.1,2200,Yes,No,"SCO 33, Phase 5, Mohali, Punjab",+91 9842080503,12 PM - 12 AM,"Cakes, pastries, breads, coffee","A well-loved bakery destination in Phase 5, known for relaxed service, fresh flavours, and an inviting setting.",Sourdough; Red Velvet Cake; Croissant,83,https://images.unsplash.com/photo-1445116572660-236099ec97a0?auto=format&fit=crop&w=900&q=80
150,Pine Terrace,Panchkula,MDC Sector 4,Fast Food,4.6,2100,No,Yes,"SCO 264, MDC Sector 4, Panchkula, Punjab",+91 9855445961,11 AM - 11:30 PM,"Burgers, wraps, fries, shakes","A well-loved fast food destination in MDC Sector 4, known for relaxed service, fresh flavours, and an inviting setting.",Loaded Burger; Peri Peri Fries; Wrap,71,https://images.unsplash.com/photo-1565557623262-b51c2513a641?auto=format&fit=crop&w=900&q=80
151,Olive Collective,Chandigarh,Sector 22,North Indian,4.7,2200,No,Yes,"SCO 330, Sector 22, Chandigarh, Punjab",+91 9872298479,9 AM - 11 PM,"Curries, kebabs, biryani, breads","A well-loved north indian destination in Sector 22, known for relaxed service, fresh flavours, and an inviting setting.",Butter Chicken; Dal Makhani; Tandoori Platter,73,https://images.unsplash.com/photo-1515003197210-e0cd71810b5f?auto=format&fit=crop&w=900&q=80
152,Copper Collective,Mohali,Sector 70,Cafe,4.5,2150,Yes,Yes,"SCO 237, Sector 70, Mohali, Punjab",+91 9858131346,11 AM - 11:30 PM,"Coffee, breakfast bowls, sandwiches, desserts","A well-loved cafe destination in Sector 70, known for relaxed service, fresh flavours, and an inviting setting.",Cold Brew; Avocado Toast; Pancake Stack,94,https://images.unsplash.com/photo-1513104890138-7c749659a591?auto=format&fit=crop&w=900&q=80
153,Saffron Collective,Panchkula,Sector 11,Italian,4.6,2000,No,Yes,"SCO 326, Sector 11, Panchkula, Punjab",+91 9819917519,8 AM - 10:30 PM,"Pizza, pasta, risotto, desserts","A well-loved italian destination in Sector 11, known for relaxed service, fresh flavours, and an inviting setting.",Truffle Pasta; Burrata Pizza; Tiramisu,95,https://images.unsplash.com/photo-1517248135467-4c7edcad34c4?auto=format&fit=crop&w=900&q=80
154,Willow Collective,Chandigarh,Sector 43,Chinese,4.3,1950,No,Yes,"SCO 268, Sector 43, Chandigarh, Punjab",+91 9847270343,12 PM - 12 AM,"Noodles, dimsum, stir-fry, soups","A well-loved chinese destination in Sector 43, known for relaxed service, fresh flavours, and an inviting setting.",Chilli Paneer; Dimsum; Hakka Noodles,65,https://images.unsplash.com/photo-1555396273-367ea4eb4db5?auto=format&fit=crop&w=900&q=80
155,Urban Collective,Mohali,Phase 3B2,South Indian,4.7,1500,Yes,Yes,"SCO 86, Phase 3B2, Mohali, Punjab",+91 9858705894,8 AM - 10:30 PM,"Dosa, idli, vada, coffee","A well-loved south indian destination in Phase 3B2, known for relaxed service, fresh flavours, and an inviting setting.",Masala Dosa; Mini Idli; Filter Coffee,75,https://images.unsplash.com/photo-1414235077428-338989a2e8c0?auto=format&fit=crop&w=900&q=80
156,Cedar Collective,Panchkula,MDC Sector 4,Punjabi,4.9,1800,Yes,Yes,"SCO 31, MDC Sector 4, Panchkula, Punjab",+91 9887884313,12 PM - 12 AM,"Thalis, curries, breads, desserts","A well-loved punjabi destination in MDC Sector 4, known for relaxed service, fresh flavours, and an inviting setting.",Amritsari Kulcha; Chole; Lassi,99,https://images.unsplash.com/photo-1514933651103-005eec06c04b?auto=format&fit=crop&w=900&q=80
157,Mango Collective,Chandigarh,Sector 17,Continental,4.8,650,No,Yes,"SCO 311, Sector 17, Chandigarh, Punjab",+91 9893669851,9 AM - 11 PM,"Salads, grills, pasta, desserts","A well-loved continental destination in Sector 17, known for relaxed service, fresh flavours, and an inviting setting.",Grilled Chicken; Caesar Salad; Chocolate Fondant,83,https://images.unsplash.com/photo-1445116572660-236099ec97a0?auto=format&fit=crop&w=900&q=80
158,Mint Collective,Mohali,Phase 10,Asian,4.6,450,No,Yes,"SCO 319, Phase 10, Mohali, Punjab",+91 9822435807,12 PM - 12 AM,"Sushi, Thai curry, ramen, bowls","A well-loved asian destination in Phase 10, known for relaxed service, fresh flavours, and an inviting setting.",Sushi Roll; Thai Curry; Ramen,89,https://images.unsplash.com/photo-1565557623262-b51c2513a641?auto=format&fit=crop&w=900&q=80
159,Blue Collective,Panchkula,Sector 11,Bakery,4.2,450,Yes,Yes,"SCO 292, Sector 11, Panchkula, Punjab",+91 9810140671,12 PM - 12 AM,"Cakes, pastries, breads, coffee","A well-loved bakery destination in Sector 11, known for relaxed service, fresh flavours, and an inviting setting.",Sourdough; Red Velvet Cake; Croissant,95,https://images.unsplash.com/photo-1515003197210-e0cd71810b5f?auto=format&fit=crop&w=900&q=80
160,Curry Collective,Chandigarh,Sector 35,Fast Food,4.4,1750,No,No,"SCO 160, Sector 35, Chandigarh, Punjab",+91 9884062395,11 AM - 11:30 PM,"Burgers, wraps, fries, shakes","A well-loved fast food destination in Sector 35, known for relaxed service, fresh flavours, and an inviting setting.",Loaded Burger; Peri Peri Fries; Wrap,91,https://images.unsplash.com/photo-1513104890138-7c749659a591?auto=format&fit=crop&w=900&q=80
161,Basil Collective,Mohali,Airport Road,North Indian,4.1,550,No,Yes,"SCO 343, Airport Road, Mohali, Punjab",+91 9852241525,12 PM - 12 AM,"Curries, kebabs, biryani, breads","A well-loved north indian destination in Airport Road, known for relaxed service, fresh flavours, and an inviting setting.",Butter Chicken; Dal Makhani; Tandoori Platter,64,https://images.unsplash.com/photo-1517248135467-4c7edcad34c4?auto=format&fit=crop&w=900&q=80
162,Roast Collective,Panchkula,MDC Sector 4,Cafe,4.6,1300,Yes,Yes,"SCO 127, MDC Sector 4, Panchkula, Punjab",+91 9894322719,9 AM - 11 PM,"Coffee, breakfast bowls, sandwiches, desserts","A well-loved cafe destination in MDC Sector 4, known for relaxed service, fresh flavours, and an inviting setting.",Cold Brew; Avocado Toast; Pancake Stack,71,https://images.unsplash.com/photo-1555396273-367ea4eb4db5?auto=format&fit=crop&w=900&q=80
163,Amber Collective,Chandigarh,Sector 9,Italian,4.0,1200,No,Yes,"SCO 154, Sector 9, Chandigarh, Punjab",+91 9856260657,11 AM - 11:30 PM,"Pizza, pasta, risotto, desserts","A well-loved italian destination in Sector 9, known for relaxed service, fresh flavours, and an inviting setting.",Truffle Pasta; Burrata Pizza; Tiramisu,61,https://images.unsplash.com/photo-1414235077428-338989a2e8c0?auto=format&fit=crop&w=900&q=80
164,Maple Collective,Mohali,Phase 7,Chinese,3.9,1650,No,Yes,"SCO 345, Phase 7, Mohali, Punjab",+91 9869081308,9 AM - 11 PM,"Noodles, dimsum, stir-fry, soups","A well-loved chinese destination in Phase 7, known for relaxed service, fresh flavours, and an inviting setting.",Chilli Paneer; Dimsum; Hakka Noodles,71,https://images.unsplash.com/photo-1514933651103-005eec06c04b?auto=format&fit=crop&w=900&q=80
165,Pine Collective,Panchkula,Sector 11,South Indian,4.2,600,Yes,Yes,"SCO 237, Sector 11, Panchkula, Punjab",+91 9850102140,8 AM - 10:30 PM,"Dosa, idli, vada, coffee","A well-loved south indian destination in Sector 11, known for relaxed service, fresh flavours, and an inviting setting.",Masala Dosa; Mini Idli; Filter Coffee,90,https://images.unsplash.com/photo-1445116572660-236099ec97a0?auto=format&fit=crop&w=900&q=80
166,Olive Diner,Chandigarh,Sector 26,Punjabi,4.2,1200,Yes,Yes,"SCO 272, Sector 26, Chandigarh, Punjab",+91 9817327233,8 AM - 10:30 PM,"Thalis, curries, breads, desserts","A well-loved punjabi destination in Sector 26, known for relaxed service, fresh flavours, and an inviting setting.",Amritsari Kulcha; Chole; Lassi,91,https://images.unsplash.com/photo-1565557623262-b51c2513a641?auto=format&fit=crop&w=900&q=80
167,Copper Diner,Mohali,Sector 79,Continental,3.8,1650,No,Yes,"SCO 311, Sector 79, Mohali, Punjab",+91 9837233340,12 PM - 12 AM,"Salads, grills, pasta, desserts","A well-loved continental destination in Sector 79, known for relaxed service, fresh flavours, and an inviting setting.",Grilled Chicken; Caesar Salad; Chocolate Fondant,89,https://images.unsplash.com/photo-1515003197210-e0cd71810b5f?auto=format&fit=crop&w=900&q=80
168,Saffron Diner,Panchkula,MDC Sector 4,Asian,4.1,1100,No,Yes,"SCO 299, MDC Sector 4, Panchkula, Punjab",+91 9826004480,11 AM - 11:30 PM,"Sushi, Thai curry, ramen, bowls","A well-loved asian destination in MDC Sector 4, known for relaxed service, fresh flavours, and an inviting setting.",Sushi Roll; Thai Curry; Ramen,95,https://images.unsplash.com/photo-1513104890138-7c749659a591?auto=format&fit=crop&w=900&q=80
169,Willow Diner,Chandigarh,Sector 7,Bakery,4.2,2050,Yes,No,"SCO 73, Sector 7, Chandigarh, Punjab",+91 9844446253,9 AM - 11 PM,"Cakes, pastries, breads, coffee","A well-loved bakery destination in Sector 7, known for relaxed service, fresh flavours, and an inviting setting.",Sourdough; Red Velvet Cake; Croissant,90,https://images.unsplash.com/photo-1517248135467-4c7edcad34c4?auto=format&fit=crop&w=900&q=80
170,Urban Diner,Mohali,Phase 5,Fast Food,4.9,2150,No,Yes,"SCO 189, Phase 5, Mohali, Punjab",+91 9861449015,11 AM - 11:30 PM,"Burgers, wraps, fries, shakes","A well-loved fast food destination in Phase 5, known for relaxed service, fresh flavours, and an inviting setting.",Loaded Burger; Peri Peri Fries; Wrap,92,https://images.unsplash.com/photo-1555396273-367ea4eb4db5?auto=format&fit=crop&w=900&q=80
171,Cedar Diner,Panchkula,Sector 11,North Indian,4.7,1150,No,Yes,"SCO 269, Sector 11, Panchkula, Punjab",+91 9875517931,12 PM - 12 AM,"Curries, kebabs, biryani, breads","A well-loved north indian destination in Sector 11, known for relaxed service, fresh flavours, and an inviting setting.",Butter Chicken; Dal Makhani; Tandoori Platter,65,https://images.unsplash.com/photo-1414235077428-338989a2e8c0?auto=format&fit=crop&w=900&q=80
172,Mango Diner,Chandigarh,Sector 22,Cafe,4.9,950,Yes,Yes,"SCO 223, Sector 22, Chandigarh, Punjab",+91 9861296300,11 AM - 11:30 PM,"Coffee, breakfast bowls, sandwiches, desserts","A well-loved cafe destination in Sector 22, known for relaxed service, fresh flavours, and an inviting setting.",Cold Brew; Avocado Toast; Pancake Stack,83,https://images.unsplash.com/photo-1514933651103-005eec06c04b?auto=format&fit=crop&w=900&q=80
173,Mint Diner,Mohali,Sector 70,Italian,4.5,1600,No,Yes,"SCO 76, Sector 70, Mohali, Punjab",+91 9898156212,8 AM - 10:30 PM,"Pizza, pasta, risotto, desserts","A well-loved italian destination in Sector 70, known for relaxed service, fresh flavours, and an inviting setting.",Truffle Pasta; Burrata Pizza; Tiramisu,93,https://images.unsplash.com/photo-1445116572660-236099ec97a0?auto=format&fit=crop&w=900&q=80
174,Blue Diner,Panchkula,MDC Sector 4,Chinese,4.7,1300,Yes,Yes,"SCO 136, MDC Sector 4, Panchkula, Punjab",+91 9897811294,9 AM - 11 PM,"Noodles, dimsum, stir-fry, soups","A well-loved chinese destination in MDC Sector 4, known for relaxed service, fresh flavours, and an inviting setting.",Chilli Paneer; Dimsum; Hakka Noodles,79,https://images.unsplash.com/photo-1565557623262-b51c2513a641?auto=format&fit=crop&w=900&q=80
175,Curry Diner,Chandigarh,Sector 43,South Indian,4.5,2050,Yes,Yes,"SCO 124, Sector 43, Chandigarh, Punjab",+91 9811863981,11 AM - 11:30 PM,"Dosa, idli, vada, coffee","A well-loved south indian destination in Sector 43, known for relaxed service, fresh flavours, and an inviting setting.",Masala Dosa; Mini Idli; Filter Coffee,87,https://images.unsplash.com/photo-1515003197210-e0cd71810b5f?auto=format&fit=crop&w=900&q=80
176,Basil Diner,Mohali,Phase 3B2,Punjabi,4.8,2100,Yes,Yes,"SCO 224, Phase 3B2, Mohali, Punjab",+91 9837128492,8 AM - 10:30 PM,"Thalis, curries, breads, desserts","A well-loved punjabi destination in Phase 3B2, known for relaxed service, fresh flavours, and an inviting setting.",Amritsari Kulcha; Chole; Lassi,62,https://images.unsplash.com/photo-1513104890138-7c749659a591?auto=format&fit=crop&w=900&q=80
177,Roast Diner,Panchkula,Sector 11,Continental,4.1,1500,Yes,Yes,"SCO 172, Sector 11, Panchkula, Punjab",+91 9816052008,11 AM - 11:30 PM,"Salads, grills, pasta, desserts","A well-loved continental destination in Sector 11, known for relaxed service, fresh flavours, and an inviting setting.",Grilled Chicken; Caesar Salad; Chocolate Fondant,98,https://images.unsplash.com/photo-1517248135467-4c7edcad34c4?auto=format&fit=crop&w=900&q=80
178,Amber Diner,Chandigarh,Sector 17,Asian,3.9,700,No,Yes,"SCO 338, Sector 17, Chandigarh, Punjab",+91 9837059987,11 AM - 11:30 PM,"Sushi, Thai curry, ramen, bowls","A well-loved asian destination in Sector 17, known for relaxed service, fresh flavours, and an inviting setting.",Sushi Roll; Thai Curry; Ramen,63,https://images.unsplash.com/photo-1555396273-367ea4eb4db5?auto=format&fit=crop&w=900&q=80
179,Maple Diner,Mohali,Phase 10,Bakery,4.6,600,Yes,Yes,"SCO 36, Phase 10, Mohali, Punjab",+91 9821450557,12 PM - 12 AM,"Cakes, pastries, breads, coffee","A well-loved bakery destination in Phase 10, known for relaxed service, fresh flavours, and an inviting setting.",Sourdough; Red Velvet Cake; Croissant,87,https://images.unsplash.com/photo-1414235077428-338989a2e8c0?auto=format&fit=crop&w=900&q=80
180,Pine Diner,Panchkula,MDC Sector 4,Fast Food,4.4,450,Yes,Yes,"SCO 125, MDC Sector 4, Panchkula, Punjab",+91 9885073730,11 AM - 11:30 PM,"Burgers, wraps, fries, shakes","A well-loved fast food destination in MDC Sector 4, known for relaxed service, fresh flavours, and an inviting setting.",Loaded Burger; Peri Peri Fries; Wrap,89,https://images.unsplash.com/photo-1514933651103-005eec06c04b?auto=format&fit=crop&w=900&q=80
181,Olive Table Sector35,Chandigarh,Sector 35,North Indian,4.9,1100,No,Yes,"SCO 151, Sector 35, Chandigarh, Punjab",+91 9826064226,11 AM - 11:30 PM,"Curries, kebabs, biryani, breads","A well-loved north indian destination in Sector 35, known for relaxed service, fresh flavours, and an inviting setting.",Butter Chicken; Dal Makhani; Tandoori Platter,87,https://images.unsplash.com/photo-1445116572660-236099ec97a0?auto=format&fit=crop&w=900&q=80
182,Copper Table AirportRoad,Mohali,Airport Road,Cafe,4.4,1800,Yes,Yes,"SCO 271, Airport Road, Mohali, Punjab",+91 9876838815,12 PM - 12 AM,"Coffee, breakfast bowls, sandwiches, desserts","A well-loved cafe destination in Airport Road, known for relaxed service, fresh flavours, and an inviting setting.",Cold Brew; Avocado Toast; Pancake Stack,96,https://images.unsplash.com/photo-1565557623262-b51c2513a641?auto=format&fit=crop&w=900&q=80
183,Saffron Table Sector11,Panchkula,Sector 11,Italian,4.8,2300,Yes,Yes,"SCO 15, Sector 11, Panchkula, Punjab",+91 9869005484,12 PM - 12 AM,"Pizza, pasta, risotto, desserts","A well-loved italian destination in Sector 11, known for relaxed service, fresh flavours, and an inviting setting.",Truffle Pasta; Burrata Pizza; Tiramisu,65,https://images.unsplash.com/photo-1515003197210-e0cd71810b5f?auto=format&fit=crop&w=900&q=80
184,Willow Table Sector9,Chandigarh,Sector 9,Chinese,3.9,2400,No,No,"SCO 237, Sector 9, Chandigarh, Punjab",+91 9855951436,12 PM - 12 AM,"Noodles, dimsum, stir-fry, soups","A well-loved chinese destination in Sector 9, known for relaxed service, fresh flavours, and an inviting setting.",Chilli Paneer; Dimsum; Hakka Noodles,96,https://images.unsplash.com/photo-1513104890138-7c749659a591?auto=format&fit=crop&w=900&q=80
185,Urban Table Phase7,Mohali,Phase 7,South Indian,4.9,1900,Yes,Yes,"SCO 237, Phase 7, Mohali, Punjab",+91 9875989527,11 AM - 11:30 PM,"Dosa, idli, vada, coffee","A well-loved south indian destination in Phase 7, known for relaxed service, fresh flavours, and an inviting setting.",Masala Dosa; Mini Idli; Filter Coffee,92,https://images.unsplash.com/photo-1517248135467-4c7edcad34c4?auto=format&fit=crop&w=900&q=80
186,Cedar Table MDCSector4,Panchkula,MDC Sector 4,Punjabi,4.8,1200,Yes,Yes,"SCO 115, MDC Sector 4, Panchkula, Punjab",+91 9865082540,8 AM - 10:30 PM,"Thalis, curries, breads, desserts","A well-loved punjabi destination in MDC Sector 4, known for relaxed service, fresh flavours, and an inviting setting.",Amritsari Kulcha; Chole; Lassi,79,https://images.unsplash.com/photo-1555396273-367ea4eb4db5?auto=format&fit=crop&w=900&q=80
187,Mango Table Sector26,Chandigarh,Sector 26,Continental,4.1,750,Yes,Yes,"SCO 20, Sector 26, Chandigarh, Punjab",+91 9878829806,9 AM - 11 PM,"Salads, grills, pasta, desserts","A well-loved continental destination in Sector 26, known for relaxed service, fresh flavours, and an inviting setting.",Grilled Chicken; Caesar Salad; Chocolate Fondant,92,https://images.unsplash.com/photo-1414235077428-338989a2e8c0?auto=format&fit=crop&w=900&q=80
188,Mint Table Sector79,Mohali,Sector 79,Asian,4.1,800,Yes,Yes,"SCO 178, Sector 79, Mohali, Punjab",+91 9827220491,12 PM - 12 AM,"Sushi, Thai curry, ramen, bowls","A well-loved asian destination in Sector 79, known for relaxed service, fresh flavours, and an inviting setting.",Sushi Roll; Thai Curry; Ramen,85,https://images.unsplash.com/photo-1514933651103-005eec06c04b?auto=format&fit=crop&w=900&q=80
189,Blue Table Sector11,Panchkula,Sector 11,Bakery,3.9,450,Yes,Yes,"SCO 263, Sector 11, Panchkula, Punjab",+91 9822276770,9 AM - 11 PM,"Cakes, pastries, breads, coffee","A well-loved bakery destination in Sector 11, known for relaxed service, fresh flavours, and an inviting setting.",Sourdough; Red Velvet Cake; Croissant,66,https://images.unsplash.com/photo-1445116572660-236099ec97a0?auto=format&fit=crop&w=900&q=80
190,Curry Table Sector7,Chandigarh,Sector 7,Fast Food,4.5,800,No,Yes,"SCO 176, Sector 7, Chandigarh, Punjab",+91 9845433981,11 AM - 11:30 PM,"Burgers, wraps, fries, shakes","A well-loved fast food destination in Sector 7, known for relaxed service, fresh flavours, and an inviting setting.",Loaded Burger; Peri Peri Fries; Wrap,99,https://images.unsplash.com/photo-1565557623262-b51c2513a641?auto=format&fit=crop&w=900&q=80
191,Basil Table Phase5,Mohali,Phase 5,North Indian,4.7,1500,No,Yes,"SCO 233, Phase 5, Mohali, Punjab",+91 9853549836,12 PM - 12 AM,"Curries, kebabs, biryani, breads","A well-loved north indian destination in Phase 5, known for relaxed service, fresh flavours, and an inviting setting.",Butter Chicken; Dal Makhani; Tandoori Platter,63,https://images.unsplash.com/photo-1515003197210-e0cd71810b5f?auto=format&fit=crop&w=900&q=80
192,Roast Table MDCSector4,Panchkula,MDC Sector 4,Cafe,4.6,1400,Yes,Yes,"SCO 336, MDC Sector 4, Panchkula, Punjab",+91 9816205487,11 AM - 11:30 PM,"Coffee, breakfast bowls, sandwiches, desserts","A well-loved cafe destination in MDC Sector 4, known for relaxed service, fresh flavours, and an inviting setting.",Cold Brew; Avocado Toast; Pancake Stack,72,https://images.unsplash.com/photo-1513104890138-7c749659a591?auto=format&fit=crop&w=900&q=80
193,Amber Table Sector22,Chandigarh,Sector 22,Italian,4.6,650,Yes,No,"SCO 300, Sector 22, Chandigarh, Punjab",+91 9869306782,9 AM - 11 PM,"Pizza, pasta, risotto, desserts","A well-loved italian destination in Sector 22, known for relaxed service, fresh flavours, and an inviting setting.",Truffle Pasta; Burrata Pizza; Tiramisu,85,https://images.unsplash.com/photo-1517248135467-4c7edcad34c4?auto=format&fit=crop&w=900&q=80
194,Maple Table Sector70,Mohali,Sector 70,Chinese,4.2,2100,No,Yes,"SCO 38, Sector 70, Mohali, Punjab",+91 9867257689,9 AM - 11 PM,"Noodles, dimsum, stir-fry, soups","A well-loved chinese destination in Sector 70, known for relaxed service, fresh flavours, and an inviting setting.",Chilli Paneer; Dimsum; Hakka Noodles,71,https://images.unsplash.com/photo-1555396273-367ea4eb4db5?auto=format&fit=crop&w=900&q=80
195,Pine Table Sector11,Panchkula,Sector 11,South Indian,4.2,2100,Yes,No,"SCO 190, Sector 11, Panchkula, Punjab",+91 9841464649,12 PM - 12 AM,"Dosa, idli, vada, coffee","A well-loved south indian destination in Sector 11, known for relaxed service, fresh flavours, and an inviting setting.",Masala Dosa; Mini Idli; Filter Coffee,81,https://images.unsplash.com/photo-1414235077428-338989a2e8c0?auto=format&fit=crop&w=900&q=80
196,Olive Kitchen Sector43,Chandigarh,Sector 43,Punjabi,4.6,850,Yes,Yes,"SCO 98, Sector 43, Chandigarh, Punjab",+91 9821832974,12 PM - 12 AM,"Thalis, curries, breads, desserts","A well-loved punjabi destination in Sector 43, known for relaxed service, fresh flavours, and an inviting setting.",Amritsari Kulcha; Chole; Lassi,78,https://images.unsplash.com/photo-1514933651103-005eec06c04b?auto=format&fit=crop&w=900&q=80
197,Copper Kitchen Phase3B2,Mohali,Phase 3B2,Continental,4.8,2000,No,No,"SCO 35, Phase 3B2, Mohali, Punjab",+91 9838378393,8 AM - 10:30 PM,"Salads, grills, pasta, desserts","A well-loved continental destination in Phase 3B2, known for relaxed service, fresh flavours, and an inviting setting.",Grilled Chicken; Caesar Salad; Chocolate Fondant,61,https://images.unsplash.com/photo-1445116572660-236099ec97a0?auto=format&fit=crop&w=900&q=80
198,Saffron Kitchen MDCSector4,Panchkula,MDC Sector 4,Asian,4.2,1900,Yes,Yes,"SCO 63, MDC Sector 4, Panchkula, Punjab",+91 9838033769,11 AM - 11:30 PM,"Sushi, Thai curry, ramen, bowls","A well-loved asian destination in MDC Sector 4, known for relaxed service, fresh flavours, and an inviting setting.",Sushi Roll; Thai Curry; Ramen,98,https://images.unsplash.com/photo-1565557623262-b51c2513a641?auto=format&fit=crop&w=900&q=80
199,Willow Kitchen Sector17,Chandigarh,Sector 17,Bakery,4.0,1850,Yes,Yes,"SCO 96, Sector 17, Chandigarh, Punjab",+91 9890530333,12 PM - 12 AM,"Cakes, pastries, breads, coffee","A well-loved bakery destination in Sector 17, known for relaxed service, fresh flavours, and an inviting setting.",Sourdough; Red Velvet Cake; Croissant,95,https://images.unsplash.com/photo-1515003197210-e0cd71810b5f?auto=format&fit=crop&w=900&q=80
200,Urban Kitchen Phase10,Mohali,Phase 10,Fast Food,4.2,2250,No,Yes,"SCO 308, Phase 10, Mohali, Punjab",+91 9874365514,11 AM - 11:30 PM,"Burgers, wraps, fries, shakes","A well-loved fast food destination in Phase 10, known for relaxed service, fresh flavours, and an inviting setting.",Loaded Burger; Peri Peri Fries; Wrap,96,https://images.unsplash.com/photo-1513104890138-7c749659a591?auto=format&fit=crop&w=900&q=80
201,Cedar Kitchen Sector11,Panchkula,Sector 11,North Indian,4.7,1050,No,Yes,"SCO 263, Sector 11, Panchkula, Punjab",+91 9814799630,8 AM - 10:30 PM,"Curries, kebabs, biryani, breads","A well-loved north indian destination in Sector 11, known for relaxed service, fresh flavours, and an inviting setting.",Butter Chicken; Dal Makhani; Tandoori Platter,82,https://images.unsplash.com/photo-1517248135467-4c7edcad34c4?auto=format&fit=crop&w=900&q=80
202,Mango Kitchen Sector35,Chandigarh,Sector 35,Cafe,3.9,1650,Yes,No,"SCO 272, Sector 35, Chandigarh, Punjab",+91 9871171370,12 PM - 12 AM,"Coffee, breakfast bowls, sandwiches, desserts","A well-loved cafe destination in Sector 35, known for relaxed service, fresh flavours, and an inviting setting.",Cold Brew; Avocado Toast; Pancake Stack,84,https://images.unsplash.com/photo-1555396273-367ea4eb4db5?auto=format&fit=crop&w=900&q=80
203,Mint Kitchen AirportRoad,Mohali,Airport Road,Italian,4.3,2000,No,Yes,"SCO 100, Airport Road, Mohali, Punjab",+91 9892685841,9 AM - 11 PM,"Pizza, pasta, risotto, desserts","A well-loved italian destination in Airport Road, known for relaxed service, fresh flavours, and an inviting setting.",Truffle Pasta; Burrata Pizza; Tiramisu,74,https://images.unsplash.com/photo-1414235077428-338989a2e8c0?auto=format&fit=crop&w=900&q=80
204,Blue Kitchen MDCSector4,Panchkula,MDC Sector 4,Chinese,3.9,2100,Yes,Yes,"SCO 69, MDC Sector 4, Panchkula, Punjab",+91 9835541495,11 AM - 11:30 PM,"Noodles, dimsum, stir-fry, soups","A well-loved chinese destination in MDC Sector 4, known for relaxed service, fresh flavours, and an inviting setting.",Chilli Paneer; Dimsum; Hakka Noodles,86,https://images.unsplash.com/photo-1514933651103-005eec06c04b?auto=format&fit=crop&w=900&q=80
205,Curry Kitchen Sector9,Chandigarh,Sector 9,South Indian,4.1,700,Yes,Yes,"SCO 124, Sector 9, Chandigarh, Punjab",+91 9880222971,9 AM - 11 PM,"Dosa, idli, vada, coffee","A well-loved south indian destination in Sector 9, known for relaxed service, fresh flavours, and an inviting setting.",Masala Dosa; Mini Idli; Filter Coffee,60,https://images.unsplash.com/photo-1445116572660-236099ec97a0?auto=format&fit=crop&w=900&q=80
206,Basil Kitchen Phase7,Mohali,Phase 7,Punjabi,4.2,700,Yes,No,"SCO 97, Phase 7, Mohali, Punjab",+91 9812153803,11 AM - 11:30 PM,"Thalis, curries, breads, desserts","A well-loved punjabi destination in Phase 7, known for relaxed service, fresh flavours, and an inviting setting.",Amritsari Kulcha; Chole; Lassi,91,https://images.unsplash.com/photo-1565557623262-b51c2513a641?auto=format&fit=crop&w=900&q=80
207,Roast Kitchen Sector11,Panchkula,Sector 11,Continental,4.1,700,No,Yes,"SCO 75, Sector 11, Panchkula, Punjab",+91 9816019308,11 AM - 11:30 PM,"Salads, grills, pasta, desserts","A well-loved continental destination in Sector 11, known for relaxed service, fresh flavours, and an inviting setting.",Grilled Chicken; Caesar Salad; Chocolate Fondant,79,https://images.unsplash.com/photo-1515003197210-e0cd71810b5f?auto=format&fit=crop&w=900&q=80
208,Amber Kitchen Sector26,Chandigarh,Sector 26,Asian,4.7,1500,No,No,"SCO 120, Sector 26, Chandigarh, Punjab",+91 9843432215,11 AM - 11:30 PM,"Sushi, Thai curry, ramen, bowls","A well-loved asian destination in Sector 26, known for relaxed service, fresh flavours, and an inviting setting.",Sushi Roll; Thai Curry; Ramen,85,https://images.unsplash.com/photo-1513104890138-7c749659a591?auto=format&fit=crop&w=900&q=80
209,Maple Kitchen Sector79,Mohali,Sector 79,Bakery,3.9,2250,Yes,No,"SCO 160, Sector 79, Mohali, Punjab",+91 9816494368,11 AM - 11:30 PM,"Cakes, pastries, breads, coffee","A well-loved bakery destination in Sector 79, known for relaxed service, fresh flavours, and an inviting setting.",Sourdough; Red Velvet Cake; Croissant,78,https://images.unsplash.com/photo-1517248135467-4c7edcad34c4?auto=format&fit=crop&w=900&q=80
210,Pine Kitchen MDCSector4,Panchkula,MDC Sector 4,Fast Food,4.6,2400,No,No,"SCO 287, MDC Sector 4, Panchkula, Punjab",+91 9815618383,8 AM - 10:30 PM,"Burgers, wraps, fries, shakes","A well-loved fast food destination in MDC Sector 4, known for relaxed service, fresh flavours, and an inviting setting.",Loaded Burger; Peri Peri Fries; Wrap,83,https://images.unsplash.com/photo-1555396273-367ea4eb4db5?auto=format&fit=crop&w=900&q=80
